"","stores_remain"
"1",100
"2",100
"3",13830
"4",100
"5",100
"6",7877
"7",4017
"8",3417
"9",4720
"10",768
"11",756
"12",468
"13",360
"14",11035
"15",900
"16",675
"17",500
"18",18396
"19",3343
"20",10073
"21",7741
"22",476
"23",10066
"24",810
"25",810
"26",9896
"27",9297
"28",533
"29",585
"30",180130
"31",7145
"32",637
"33",637
"34",1911
"35",2271
"36",1987
"37",744
"38",1563
"39",1762
"40",845
"41",1994
"42",1450
"43",1515
"44",1494
"45",1616
"46",1605
"47",1621
"48",885
"49",666
"50",2106
"51",1557
"52",1871
"53",1120
"54",1537
"55",1808
"56",1962
"57",1676
"58",49394
"59",14694
"60",3499
"61",14797
"62",14309
"63",5570
"64",7464
"65",6421
"66",6712
"67",5513
"68",4516
"69",394
"70",795
"71",437
"72",616
"73",935
"74",298
"75",118
"76",1070
"77",487
"78",456
"79",413
"80",350
"81",683
"82",459
"83",710
"84",840
"85",506
"86",17
"87",17
"88",17
"89",17
"90",17
"91",17
"92",17
"93",17
"94",17
"95",17
"96",17
"97",17
"98",17
"99",17
"100",17
"101",17
"102",17
"103",17
"104",17
"105",17
"106",17
"107",17
"108",3645
"109",17
"110",900
"111",960
"112",720
"113",10419
"114",8369
"115",17414
"116",1200
"117",1200
"118",300
"119",3000
"120",960
"121",17
"122",17
"123",17
"124",17
"125",17
"126",17
"127",17
"128",17
"129",17
"130",17
"131",17
"132",41948
"133",10282
"134",8384
"135",9299
"136",5061
"137",13777
"138",17
"139",17
"140",17
"141",17
"142",17
"143",17
"144",17
"145",17
"146",17
"147",17
"148",17
"149",17
"150",17
"151",17
"152",300
"153",780
"154",720
"155",330
"156",480
"157",150
"158",780
"159",960
"160",480
"161",700
"162",840
"163",17
"164",17
"165",17
"166",17
"167",17
"168",17
"169",17
"170",17
"171",17
"172",17
"173",17
"174",100
"175",100
"176",13830
"177",100
"178",100
"179",7877
"180",4017
"181",3417
"182",4720
"183",768
"184",756
"185",468
"186",360
"187",11035
"188",900
"189",675
"190",500
"191",18396
"192",3343
"193",10073
"194",7741
"195",476
"196",10066
"197",810
"198",810
"199",9896
"200",9297
"201",533
"202",585
"203",180130
"204",7145
"205",637
"206",637
"207",1911
"208",2271
"209",1987
"210",744
"211",1563
"212",1762
"213",845
"214",1994
"215",1450
"216",1515
"217",1494
"218",1616
"219",1605
"220",1621
"221",885
"222",666
"223",2106
"224",1557
"225",1871
"226",1120
"227",1537
"228",1808
"229",1962
"230",1676
"231",49394
"232",14694
"233",3499
"234",14797
"235",14309
"236",5570
"237",7464
"238",6421
"239",6712
"240",5513
"241",4516
"242",394
"243",795
"244",437
"245",616
"246",935
"247",298
"248",118
"249",1070
"250",487
"251",456
"252",413
"253",350
"254",683
"255",459
"256",710
"257",840
"258",506
"259",17
"260",17
"261",17
"262",17
"263",17
"264",17
"265",17
"266",17
"267",17
"268",17
"269",17
"270",17
"271",17
"272",17
"273",17
"274",17
"275",17
"276",17
"277",17
"278",17
"279",17
"280",17
"281",3645
"282",17
"283",900
"284",960
"285",720
"286",10419
"287",8369
"288",17414
"289",1200
"290",1200
"291",300
"292",3000
"293",960
"294",17
"295",17
"296",17
"297",17
"298",17
"299",17
"300",17
"301",17
"302",17
"303",17
"304",17
"305",41948
"306",10282
"307",8384
"308",9299
"309",5061
"310",13777
"311",17
"312",17
"313",17
"314",17
"315",17
"316",17
"317",17
"318",17
"319",17
"320",17
"321",17
"322",17
"323",17
"324",17
"325",300
"326",780
"327",720
"328",330
"329",480
"330",150
"331",780
"332",960
"333",480
"334",700
"335",840
"336",17
"337",17
"338",17
"339",17
"340",17
"341",17
"342",17
"343",17
"344",17
"345",17
"346",17
"347",-58.9984917034768
"348",76.7839985244224
"349",13784.2287102666
"350",-14.2500880887856
"351",-215.821615708222
"352",-9389.11087452422
"353",3948.0171582501
"354",3393.78557007346
"355",4433.51733307585
"356",556.350999367585
"357",-1709.82365632057
"358",-997.585895084242
"359",290.49051797101
"360",10988.5692230351
"361",853.569223022976
"362",651.784521572503
"363",476.785352421583
"364",8572.05958544413
"365",3140.93383670883
"366",7519.55775267366
"367",6393.8022657543
"368",-645.429339694654
"369",10042.7853820757
"370",654.069594142362
"371",502.469534687859
"372",9849.70326059863
"373",-9647.89820840269
"374",-3079.35573994293
"375",561.78450293988
"376",170508.536001865
"377",7075.01052264464
"378",569.041289819498
"379",613.78593419717
"380",1887.78514473163
"381",1823.98077423049
"382",-13571.0114746353
"383",720.784977714618
"384",1389.22815406544
"385",1716.22958790855
"386",821.78477000881
"387",1347.11358736172
"388",1301.84611703166
"389",1468.56963838447
"390",1470.78482934837
"391",1592.78479967623
"392",1524.66163590624
"393",1597.78494808404
"394",861.785293095304
"395",-305.188462073728
"396",1038.99955907989
"397",-783.538433653812
"398",570.338248254352
"399",757.82624987529
"400",1433.45421005758
"401",1691.69266799977
"402",1938.78523376131
"403",1472.55651589746
"404",49245.8328183248
"405",14647.5682140887
"406",3373.90297191003
"407",14773.7827706774
"408",14239.0027101516
"409",5523.56809539031
"410",5877.61559849326
"411",6102.85024214987
"412",6321.60057242875
"413",4707.27745975678
"414",3778.20066949845
"415",279.751507294041
"416",771.78413582931
"417",-495.629617224662
"418",214.475290655407
"419",911.783779726978
"420",251.700117133545
"421",-19.6805011932925
"422",955.74974373026
"423",440.567064260847
"424",432.783482947499
"425",-5820.64598151704
"426",-5963.6025368461
"427",659.783314822627
"428",378.656747791997
"429",664.226357300629
"430",793.566272588999
"431",460.225617184161
"432",-1474.78837089584
"433",-2038.25915931036
"434",-172.102451441701
"435",-50.9642162775559
"436",-140.553050260556
"437",-28.7720673420653
"438",-6.21625000484909
"439",-151.743345189393
"440",-470.01948199605
"441",-201.23111965542
"442",-29.4327948710509
"443",-6.21693257150551
"444",-29.3011849820366
"445",-270.252203457461
"446",-6.21673326164484
"447",-6.21670673659693
"448",-226.330054539664
"449",-237.275136694734
"450",-695.855491553793
"451",-28.7743828165531
"452",-1279.60444732768
"453",-11446.3700874305
"454",3351.3839794863
"455",-5696.07608846085
"456",314.50047866689
"457",936.783749993437
"458",-4826.21054069803
"459",10309.2631064241
"460",8345.78298947416
"461",17333.6565012151
"462",1108.52483640333
"463",1176.78298946117
"464",47.274995425865
"465",2865.78062163785
"466",936.783167591946
"467",-28.7743491645033
"468",-198.986344700786
"469",-29.4341600136459
"470",-233.418863258262
"471",-244.514335230949
"472",-954.067193694071
"473",-270.697215126312
"474",-156.784475751321
"475",-234.558046189466
"476",-255.414818452507
"477",-368.538038980317
"478",40496.9693787206
"479",-9844.41045017809
"480",6720.59235499966
"481",8869.33549611544
"482",3659.87025437489
"483",13347.7577070293
"484",-164.583609331263
"485",-151.744833678901
"486",-316.707051139052
"487",-131.597839397963
"488",-51.9892345093594
"489",-51.9892345093594
"490",-188.502060126433
"491",-77.4844325489799
"492",-74.1814917592704
"493",-11676.7566484557
"494",-198.978890806721
"495",-11197.4037987771
"496",-29.3004298865547
"497",-131.597839410962
"498",162.311774373769
"499",710.004257644986
"500",673.567027029159
"501",215.746991119528
"502",399.656912086755
"503",-66.0570345875828
"504",511.257620555709
"505",913.700102745878
"506",-2929.19946515987
"507",676.783464306878
"508",793.566908258218
"509",-52.9953844557951
"510",-6.21620920609062
"511",-282.103458661847
"512",-719.217798755566
"513",-327.931200285318
"514",-289.357505347704
"515",-6.21609055810298
"516",-169.552290593758
"517",-97.4638306726267
"518",-29.432854232459
"519",-808.133547124267
"520",-591.297790015116
"521",-0.939136850337192
"522",13630.9943924633
"523",-396.739513429503
"524",-1273.13745960097
"525",-67193.0472805401
"526",3717.07460108741
"527",3316.06769597158
"528",3474.42318728628
"529",-152.213046227892
"530",-9964.9724187851
"531",-5904.11258732279
"532",57.7848607435202
"533",10833.1270566744
"534",698.127056621636
"535",574.063137271752
"536",399.066749659056
"537",-24316.7844111125
"538",2464.45146395142
"539",-1028.92281446233
"540",1883.61854675785
"541",-4399.77973780284
"542",9965.06687859011
"543",132.041713662446
"544",-527.088979618003
"545",9694.70982868969
"546",-73072.1226452291
"547",-15172.894521491
"548",484.063056260347
"549",138297.547834198
"550",6840.69792454193
"551",341.527347041294
"552",536.069279118131
"553",1810.06584665924
"554",327.438148828223
"555",-65656.5281505883
"556",643.065120498339
"557",807.470235067109
"558",1562.99820829804
"559",744.064217429608
"560",-818.549620166421
"561",805.852682746326
"562",1313.12886254117
"563",1393.06447542769
"564",1515.06434641841
"565",1255.70276480975
"566",1520.06499166973
"567",784.066491718714
"568",-3556.55853075534
"569",-2533.13235182657
"570",-8619.2540593644
"571",-3784.05109454629
"572",-454.668478803088
"573",1086.80091329385
"574",1302.31594782509
"575",1861.06623374484
"576",791.463112597664
"577",48749.7948622815
"578",14492.1226699507
"579",2955.09987786971
"580",14696.0555246845
"581",14004.6639571811
"582",5368.12215387092
"583",566.676515188068
"584",5037.74018326029
"585",5014.61118447284
"586",2009.85852068166
"587",1308.17682390629
"588",-102.732576982429
"589",694.061460127433
"590",-3617.91137923766
"591",-1129.75960584606
"592",834.059911856428
"593",96.6961614501973
"594",-480.610874753445
"595",573.259755348958
"596",285.117670699333
"597",355.058621510863
"598",-26689.8086152915
"599",-27100.4458123744
"600",582.057890533159
"601",109.681512139117
"602",510.984162176649
"603",638.114228647823
"604",306.98094427896
"605",-6469.03639519929
"606",-8918.90938830593
"607",-805.184571485656
"608",-278.496592511113
"609",-668.013262002418
"610",-182.008988443762
"611",-83.9402174123873
"612",-716.66671821475
"613",-2100.47600867848
"614",-931.830955023567
"615",-184.881716830656
"616",-83.9431850935022
"617",-184.309499921898
"618",-1231.92262372809
"619",-83.9423185288906
"620",-83.9422032025953
"621",-1040.9567588681
"622",-1088.5440725858
"623",-3082.3717024078
"624",-182.019055724144
"625",-5620.41064055512
"626",-49823.7395105672
"627",2368.40860646218
"628",-24822.4612541776
"629",-1645.65009275265
"630",859.059782580162
"631",-23393.9588726001
"632",9941.88307140892
"633",8268.05647597462
"634",17064.6804400658
"635",802.281897405783
"636",1099.05647591812
"637",-798.80436771363
"638",2416.43748538196
"639",859.057250399763
"640",-182.018909410884
"641",-922.071063916461
"642",-184.887652233243
"643",-1071.77766634027
"644",-1120.01884883021
"645",-4205.03127693074
"646",-1233.85745707092
"647",-738.584677179654
"648",-1076.73063560637
"649",-1167.41225414133
"650",-1659.25234339268
"651",35639.1712118288
"652",-77224.1323920786
"653",1151.79284782459
"654",7430.89346137146
"655",-1030.8684592396
"656",11910.7291609968
"657",-772.493953614185
"658",-716.673189908266
"659",-1433.9002223437
"660",-629.077562599841
"661",-282.953193518954
"662",-282.953193518954
"663",-876.487217941011
"664",-393.801880647739
"665",-379.441268518567
"666",-50825.4202106769
"667",-922.038655681394
"668",-48741.2773859873
"669",-184.306216898064
"670",-629.077562656358
"671",-298.644459244485
"672",475.670685412983
"673",518.117508822431
"674",-166.752212523793
"675",130.682226464152
"676",-789.37841125036
"677",-388.445128018657
"678",758.696098895123
"679",-14342.6063702603
"680",599.058540464689
"681",638.116992427036
"682",-287.327758503457
"683",-83.940040026481
"684",-1283.4498202689
"685",-3183.94695111116
"686",-1482.70087080573
"687",-1314.98915368567
"688",-83.9395241656651
"689",-794.096915625036
"690",-480.66882901142
"691",-184.881974923735
"692",-3570.53716140985
"693",-1033.72837562479
"694",-65.540184434553
"695",13503.6308036398
"696",-714.652802024384
"697",-2151.94543374558
"698",-115237.877540086
"699",3525.12234578335
"700",3251.47102139339
"701",2677.2540271495
"702",-741.149395813743
"703",-16826.3947668076
"704",-9982.26464320938
"705",-135.632828380627
"706",10703.928372946
"707",568.928372859483
"708",509.463545125673
"709",334.469469440853
"710",-51652.9664342245
"711",1902.18040088033
"712",-8134.15341571823
"713",-1865.10558331713
"714",-7520.27876999666
"715",9900.46968088778
"716",-301.851589593589
"717",-1382.82592657352
"718",9565.8841190511
"719",-125788.361138176
"720",-25224.6670152452
"721",419.46341226697
"722",111524.778448084
"723",6645.94459624877
"724",152.424849147722
"725",471.473617753734
"726",1745.46798852116
"727",-916.441435921714
"728",-108948.386166965
"729",578.466797617277
"730",323.931185510059
"731",1435.63706160878
"732",679.465316584557
"733",-2618.58137707293
"734",393.598399703975
"735",1183.93133456752
"736",1328.46573970142
"737",1450.46552812619
"738",1032.15253428799
"739",1455.46658633836
"740",719.469046418692
"741",-6258.99599043876
"742",-5502.17705699557
"743",-15132.0566573576
"744",-7403.28379505592
"745",-1462.45630523706
"746",798.673497801907
"747",978.678154433146
"748",1796.46862334155
"749",225.359504660169
"750",48337.5035741417
"751",14362.9211787192
"752",2607.00379970633
"753",14631.4510604826
"754",13809.888889777
"755",5238.9203323483
"756",-3847.61051509157
"757",4152.45390054688
"758",3928.28234253546
"759",-232.152026082079
"760",-744.830008793685
"761",-420.641426251183
"762",629.46079460899
"763",-6213.05466194976
"764",-2247.04575358753
"765",769.458255444542
"766",-32.1382952216764
"767",-863.721834595651
"768",255.345998772291
"769",155.912979946906
"770",290.456139277816
"771",-44035.606129078
"772",-44668.7311322939
"773",517.454940474381
"774",-113.882320091849
"775",383.614025969704
"776",508.90733498243
"777",179.608748617495
"778",-10620.0996881268
"779",-14637.8913968217
"780",-1331.38269723648
"781",-467.614411718225
"782",-1106.42174968397
"783",-309.37474104777
"784",-148.541956556315
"785",-1186.21341787219
"786",-3455.6606542327
"787",-1539.08276623865
"788",-314.086015602276
"789",-148.546823553344
"790",-313.147579871913
"791",-2031.23310291407
"792",-148.545402387381
"793",-148.545213252256
"794",-1718.04908454369
"795",-1796.09227904071
"796",-5065.96959194879
"797",-309.391251387596
"798",-9228.3534505104
"799",-81721.8127973303
"800",1551.39011459798
"801",-40719.7164568513
"802",-3274.86615211435
"803",794.458043431466
"804",-38826.8925510642
"805",9636.52823711062
"806",8203.45262059838
"807",16841.1159217078
"808",547.742311745485
"809",1034.45262050572
"810",-1502.03916305035
"811",2042.95747602642
"812",794.453890655612
"813",-309.39101143385
"814",-1523.076544823
"815",-314.095749662519
"816",-1768.59537279805
"817",-1847.71091208155
"818",-6907.13129416642
"819",-2034.40622959631
"820",-1222.15887057463
"821",-1776.71824239445
"822",-1925.43609679179
"823",-2732.053843164
"824",31601.5207873992
"825",-133228.057123009
"826",-3476.81972956767
"827",6235.3052766492
"828",-4929.66427315295
"829",10716.3158240347
"830",-1277.77008392726
"831",-1186.22403144956
"832",-2362.47636464367
"833",-1042.56720266374
"834",-474.923237371085
"835",-474.923237371085
"836",-1448.31903742326
"837",-656.715084262292
"838",-633.16368037045
"839",-83364.5691455101
"840",-1523.02339531749
"841",-79946.5749130192
"842",-313.142195712825
"843",-1042.56720275643
"844",-681.776913160955
"845",280.899924077292
"846",388.912714468787
"847",-484.673628539021
"848",-92.8811485987902
"849",-1390.58059445059
"850",-1136.2500099506
"851",629.861602188001
"852",-23829.0744472269
"853",534.45600636209
"854",508.911867580339
"855",-482.097523945669
"856",-148.541665643429
"857",-2115.73770524099
"858",-5232.5529998223
"859",-2442.5094281214
"860",-2167.4622120445
"861",-148.540819631691
"862",-1313.19894162506
"863",-799.176879578729
"864",-314.086438874925
"865",-5866.56094471216
"866",-1317.16046953099
"867",-106.925230543191
"868",13422.0385045498
"869",-918.31600253048
"870",-2714.93179218198
"871",-146016.596925107
"872",3402.15293222919
"873",3210.08877674174
"874",2166.56753393688
"875",-1118.43674476718
"876",-21221.9934585094
"877",-12594.8308040117
"878",-259.541035475784
"879",10621.1604661825
"880",486.160466074354
"881",468.079431407092
"882",293.086836801066
"883",-69165.2080427806
"884",1541.97550110041
"885",-12685.9417696478
"886",-4266.63197914641
"887",-9519.34846249583
"888",9859.08710110973
"889",-579.814486991987
"890",-1931.03240821691
"891",9483.35514881387
"892",-159559.70142272
"893",-31664.0837690565
"894",378.079265333712
"895",94373.4730601052
"896",6521.18074531096
"897",31.2810614346527
"898",430.092022192168
"899",1704.08498565145
"900",-1713.30179490214
"901",-136682.232708706
"902",537.083497021596
"903",14.163981887574
"904",1354.04632701098
"905",638.081645730697
"906",-3771.72672134116
"907",129.497999629968
"908",1101.1641682094
"909",1287.08217462677
"910",1409.08191015773
"911",888.940667859993
"912",1414.08323292295
"913",678.086308023364
"914",-7990.24498804845
"915",-7404.22132124446
"916",-19304.320821697
"917",-9721.8547438199
"918",-2108.07038154633
"919",614.091872252384
"920",771.347693041433
"921",1755.08577917693
"922",-137.300619174788
"923",48073.3794676771
"924",14280.151473399
"925",2384.00474963291
"926",14590.0638256032
"927",13685.1111122212
"928",5156.15041543538
"929",-6675.51314386446
"930",3585.3173756836
"931",3232.35292816932
"932",-1668.4400326026
"933",-2060.03751099211
"934",-624.301782813979
"935",588.075993261238
"936",-7875.5683274372
"937",-2962.80719198442
"938",728.072819305677
"939",-114.672869027096
"940",-1109.15229324456
"941",51.6824984653633
"942",73.141224933633
"943",249.07017409727
"944",-55147.7576613476
"945",-55923.4139153674
"946",476.068675592976
"947",-257.102900114811
"948",302.01753246213
"949",426.134168728038
"950",98.0109357718689
"951",-13279.3746101585
"952",-18301.6142460272
"953",-1668.47837154559
"954",-588.768014647781
"955",-1387.27718710496
"956",-390.968426309712
"957",-189.927445695394
"958",-1487.01677234024
"959",-4323.82581779088
"960",-1928.10345779831
"961",-396.857519502845
"962",-189.93352944168
"963",-395.684474839891
"964",-2543.29137864259
"965",-189.931752984226
"966",-189.93151656532
"967",-2151.81135567961
"968",-2249.36534880089
"969",-6336.71198993598
"970",-390.989064234495
"971",-11539.691813138
"972",-102156.515996663
"973",1027.98764324747
"974",-50903.8955710641
"975",-4318.58269014293
"976",753.072554289332
"977",-48713.6156888303
"978",9440.91029638828
"979",8162.06577574797
"980",16697.8949021348
"981",384.677889681856
"982",993.065775632144
"983",-1952.54895381294
"984",1803.69684503302
"985",753.067363319515
"986",-390.988764292312
"987",-1908.09568102874
"988",-396.869687078148
"989",-2214.99421599756
"990",-2313.88864010194
"991",-8638.16411770803
"992",-2547.25778699539
"993",-1531.94858821829
"994",-2225.14780299307
"995",-2411.04512098973
"996",-3419.317303955
"997",29014.900984249
"998",-169105.571403761
"999",-6442.02466195958
"1000",5469.3815958115
"1001",-7427.33034144118
"1002",9951.14478004339
"1003",-1601.46260490908
"1004",-1487.03003931195
"1005",-2957.34545580459
"1006",-1307.45900332967
"1007",-597.904046713856
"1008",-597.904046713856
"1009",-1814.64879677907
"1010",-825.143855327864
"1011",-795.704600463063
"1012",-104209.961431888
"1013",-1908.02924414686
"1014",-99937.4686412741
"1015",-395.677744641031
"1016",-1307.45900344553
"1017",-927.221141451194
"1018",156.124905096615
"1019",306.140893085984
"1020",-688.342035673776
"1021",-236.101435748488
"1022",-1775.72574306324
"1023",-1615.31251243825
"1024",547.327002735001
"1025",-29906.3430590337
"1026",493.070007952613
"1027",426.139834475424
"1028",-606.871904932087
"1029",-189.927082054286
"1030",-2648.92213155124
"1031",-6544.94124977787
"1032",-3057.38678515175
"1033",-2713.57776505562
"1034",-189.926024539613
"1035",-1645.74867703132
"1036",-1003.22109947341
"1037",-396.858048593656
"1038",-7337.4511808902
"1039",-1351.72535903174
"1040",-111.972187385708
"1041",13412.088224173
"1042",-943.152978201955
"1043",-2783.58866516203
"1044",-149770.099289134
"1045",3387.15666228356
"1046",3205.04216154031
"1047",2104.28869330119
"1048",-1164.44739707857
"1049",-21758.0420794487
"1050",-12913.4364333779
"1051",-274.651792438608
"1052",10611.0668190163
"1053",476.066818905436
"1054",463.032588270679
"1055",288.040174284019
"1056",-71300.8472633362
"1057",1498.04807429798
"1058",-13241.0379103709
"1059",-4559.50105180852
"1060",-9763.13744938597
"1061",9854.04044503924
"1062",-613.712401308864
"1063",-1997.88685719781
"1064",9473.29064024836
"1065",-163678.157554981
"1066",-32449.3784951311
"1067",373.032418146729
"1068",92281.8504518151
"1069",6505.96564153805
"1070",16.5074287867174
"1071",425.045486148074
"1072",1699.03827798441
"1073",-1810.47988746073
"1074",-140064.409116235
"1075",532.036753046513
"1076",-23.6125063590706
"1077",1344.09623742588
"1078",633.034856602177
"1079",-3912.35420234948
"1080",97.2906337672846
"1081",1091.07061133645
"1082",1282.03539839815
"1083",1404.03512747865
"1084",871.47580610048
"1085",1409.03648250643
"1086",673.0396326093
"1087",-8201.37291458622
"1088",-7636.17793883579
"1089",-19813.1335246652
"1090",-10004.6072985472
"1091",-2186.80380548649
"1092",591.581917917077
"1093",746.063490432687
"1094",1750.03909086417
"1095",-181.527463544905
"1096",48041.1692107912
"1097",14270.0576068966
"1098",2356.80974352639
"1099",14585.0166018374
"1100",13669.8943100803
"1101",5146.05652312892
"1102",-7020.37931810506
"1103",3516.15438484661
"1104",3147.48348739296
"1105",-1843.59710656852
"1106",-2220.42866979679
"1107",-649.1384116631
"1108",583.02906626761
"1109",-8078.31389639909
"1110",-3050.09517227672
"1111",723.025814898498
"1112",-124.738060954586
"1113",-1139.08283698224
"1114",26.8454862328112
"1115",63.0471084685997
"1116",244.023105172813
"1117",-56502.8980921121
"1118",-57295.9362059861
"1119",471.021570119634
"1120",-274.568824507855
"1121",292.066740570962
"1122",416.039880160429
"1123",88.0599829858169
"1124",-13603.6764299185
"1125",-18748.4097154425
"1126",-1709.58760011988
"1127",-603.542844273336
"1128",-1421.52785020508
"1129",-400.9188757319
"1130",-194.974456566013
"1131",-1523.70010825098
"1132",-4429.6996182248
"1133",-1975.54500554949
"1134",-406.951605344377
"1135",-194.980688696355
"1136",-405.749949835986
"1137",-2605.73750982899
"1138",-194.97886891067
"1139",-194.97862672545
"1140",-2204.70919362302
"1141",-2304.64255243018
"1142",-6491.68057505637
"1143",-400.940017020702
"1144",-11821.5623451658
"1145",-104648.552972191
"1146",964.158073570579
"1147",-52145.868633773
"1148",-4445.86519478057
"1149",748.02554341834
"1150",-49919.3136324603
"1151",9417.05444995872
"1152",8157.0185995467
"1153",16680.4289241381
"1154",364.791984552145
"1155",988.01859942805
"1156",-2007.48917219862
"1157",1774.51871930212
"1158",748.020225839503
"1159",-400.939709762856
"1160",-1955.04923422457
"1161",-406.96406968981
"1162",-2269.43309931457
"1163",-2370.73958254345
"1164",-8849.26568155457
"1165",-2609.80065984894
"1166",-1569.72782207727
"1167",-2279.83433477338
"1168",-2470.2657336968
"1169",-3503.12992112463
"1170",28699.4595448405
"1171",-173480.878023365
"1172",-6803.63501956835
"1173",5375.97626888007
"1174",-7731.92376440316
"1175",9857.83123809323
"1176",-1640.93730258979
"1177",-1523.71369880736
"1178",-3029.89046692178
"1179",-1339.76288145967
"1180",-612.901706389804
"1181",-612.901706389804
"1182",-1859.32315767612
"1183",-845.683949360251
"1184",-815.526663888991
"1185",-106752.082442421
"1186",-1954.98117693093
"1187",-102375.382510573
"1188",-405.743055485934
"1189",-1339.76288157835
"1190",-957.153364413418
"1191",140.908439367264
"1192",296.046768527105
"1193",-713.179646299966
"1194",-253.56732442528
"1195",-1822.69466362576
"1196",-1673.73476883918
"1197",537.261807679758
"1198",-30647.4733775467
"1199",488.022934975847
"1200",416.045684096776
"1201",-622.088292857259
"1202",-194.97408405561
"1203",-2713.94462256469
"1204",-6704.98859733343
"1205",-3132.37182869203
"1206",-2780.17722273991
"1207",-194.973000747897
"1208",-1686.30352281257
"1209",-1028.10454092398
"1210",-406.952147339843
"1211",-7516.8280389607
"1212",-1379.37727063235
"1213",-116.009752859722
"1214",13404.1279998715
"1215",-963.022558739136
"1216",-2838.51416354607
"1217",-152772.901180356
"1218",3375.15964632705
"1219",3201.00486937918
"1220",2054.46562079265
"1221",-1201.25591892769
"1222",-22186.8809762001
"1223",-13168.3209368708
"1224",-286.740398008867
"1225",10602.9919012832
"1226",467.991901170301
"1227",458.995113761549
"1228",284.002844270381
"1229",-73009.3586397807
"1230",1462.90613285604
"1231",-13685.1148229494
"1232",-4793.79630993821
"1233",-9958.16863889809
"1234",9850.00312018284
"1235",-640.830732762367
"1236",-2051.37041638253
"1237",9465.23903339595
"1238",-166972.92246079
"1239",-33077.6142759907
"1240",368.994940397143
"1241",90608.552365183
"1242",6493.79355851973
"1243",4.68852266836911
"1244",421.0082573128
"1245",1695.00091185078
"1246",-1888.2223615076
"1247",-142770.150242259
"1248",527.999357866446
"1249",-53.8336969563862
"1250",1336.1361657578
"1251",628.997425299361
"1252",-4024.85618715614
"1253",71.5247410771377
"1254",1082.9957658381
"1255",1277.99797741526
"1256",1399.99770133539
"1257",857.50391669287
"1258",1404.99908217322
"1259",669.002292278049
"1260",-8370.27525581643
"1261",-7821.74323290885
"1262",-20220.1836870398
"1263",-10230.8093423291
"1264",-2249.79054463861
"1265",573.57395444883
"1266",725.836128345691
"1267",1746.00174021397
"1268",-216.908939040999
"1269",48015.4010052825
"1270",14261.9825136946
"1271",2335.05373864118
"1272",14580.9788228248
"1273",13657.7208683675
"1274",5137.98140928376
"1275",-7296.27225749753
"1276",3460.82399217702
"1277",3079.58793477188
"1278",-1983.72276574125
"1279",-2348.74159684054
"1280",-669.007714742397
"1281",578.991524672707
"1282",-8240.51035156859
"1283",-3119.92555651056
"1284",718.988211372755
"1285",-132.790214496578
"1286",-1163.02727197237
"1287",6.97587644676949
"1288",54.971815296573
"1289",239.985450033247
"1290",-57587.0104367238
"1291",-58393.9540384811
"1292",466.983885740961
"1293",-288.54156402229
"1294",284.106107058028
"1295",407.964449306342
"1296",80.0992207569753
"1297",-13863.1178857265
"1298",-19105.8460909747
"1299",-1742.4749829793
"1300",-615.362707973781
"1301",-1448.92838068518
"1302",-408.879235269651
"1303",-199.012065262509
"1304",-1553.04677697957
"1305",-4514.39865857194
"1306",-2013.49824375043
"1307",-415.026874017604
"1308",-199.018416100095
"1309",-413.802329832862
"1310",-2655.69441477812
"1311",-199.016561651826
"1312",-199.016314853554
"1313",-2247.02746397774
"1314",-2348.86431533361
"1315",-6615.65544315269
"1316",-408.900779249668
"1317",-12047.058770788
"1318",-106642.182552614
"1319",913.094417829067
"1320",-53139.4470839401
"1321",-4547.69119849067
"1322",743.987934721547
"1323",-50883.8719873643
"1324",9397.96977281508
"1325",8152.98085858569
"1326",16666.4561417407
"1327",348.883260448376
"1328",983.980858464775
"1329",-2051.44134690717
"1330",1751.1762187174
"1331",743.982515855493
"1332",-408.900466139292
"1333",-1992.61207678123
"1334",-415.03957577914
"1335",-2312.98420596818
"1336",-2416.22033649666
"1337",-9018.14693263179
"1338",-2659.83495813177
"1339",-1599.95120916446
"1340",-2323.58356019764
"1341",-2517.64222386245
"1342",-3570.18001486034
"1343",28447.1063933136
"1344",-176981.123319048
"1345",-7092.92330565537
"1346",5301.25200733493
"1347",-7975.59850277275
"1348",9783.1804045331
"1349",-1672.51706073436
"1350",-1553.06062640369
"1351",-3087.92647581553
"1352",-1365.60598396366
"1353",-624.899834130562
"1354",-624.899834130562
"1355",-1895.06264639376
"1356",-862.116024586161
"1357",-831.384314629734
"1358",-108785.779250849
"1359",-1992.54272315818
"1360",-104325.713606013
"1361",-413.795304161857
"1362",-1365.60598408461
"1363",-981.099142783197
"1364",128.735266783784
"1365",287.971468880003
"1366",-733.049734800917
"1367",-267.540035366714
"1368",-1860.26980007577
"1369",-1720.47257395993
"1370",529.209651635563
"1371",-31240.3776323571
"1372",483.985276594435
"1373",407.970363793857
"1374",-634.261403197398
"1375",-199.011685656669
"1376",-2765.96261537544
"1377",-6833.02647537788
"1378",-3192.35986352426
"1379",-2833.45678888733
"1380",-199.010581714523
"1381",-1718.74739943758
"1382",-1048.01129408444
"1383",-415.027426336793
"1384",-7660.32952541709
"1385",-1407.02918223295
"1386",-120.047318333735
"1387",13396.16777557
"1388",-982.892139276316
"1389",-2893.4396619301
"1390",-155775.703071577
"1391",3363.16263037055
"1392",3196.96757721804
"1393",2004.6425482841
"1394",-1238.06444077681
"1395",-22615.7198729515
"1396",-13423.2054403637
"1397",-298.829003579126
"1398",10594.9169835502
"1399",459.916983435166
"1400",454.957639252419
"1401",279.965514256743
"1402",-74717.8700162252
"1403",1427.76419141409
"1404",-14129.1917355279
"1405",-5028.09156806789
"1406",-10153.1998284102
"1407",9845.96579532645
"1408",-667.949064215869
"1409",-2104.85397556725
"1410",9457.18742654353
"1411",-170267.687366599
"1412",-33705.8500568503
"1413",364.957462647557
"1414",88935.2542785509
"1415",6481.62147550141
"1416",-7.13038344997913
"1417",416.971028477525
"1418",1690.96354571715
"1419",-1965.96483555447
"1420",-145475.891368282
"1421",523.96196268638
"1422",-84.0548875537018
"1423",1328.17609408972
"1424",624.959993996546
"1425",-4137.3581719628
"1426",45.7588483869907
"1427",1074.92092033975
"1428",1273.96055643237
"1429",1395.96027519212
"1430",843.53202728526
"1431",1400.96168184001
"1432",664.964951946797
"1433",-8539.17759704664
"1434",-8007.30852698191
"1435",-20627.2338494144
"1436",-10457.0113861109
"1437",-2312.77728379073
"1438",555.565990980584
"1439",705.608766258694
"1440",1741.96438956376
"1441",-252.290414537092
"1442",47989.6327997737
"1443",14253.9074204926
"1444",2313.29773375597
"1445",14576.9410438122
"1446",13645.5474266547
"1447",5129.9062954386
"1448",-7572.16519689001
"1449",3405.49359950744
"1450",3011.69238215079
"1451",-2123.84842491398
"1452",-2477.05452388429
"1453",-688.877017821694
"1454",574.953983077804
"1455",-8402.7068067381
"1456",-3189.75594074441
"1457",714.950607847013
"1458",-140.84236803857
"1459",-1186.97170696251
"1460",-12.8937333392722
"1461",46.8965221245463
"1462",235.947794893682
"1463",-58671.1227813355
"1464",-59491.9718709761
"1465",462.946201362287
"1466",-302.514303536725
"1467",276.145473545094
"1468",399.889018452255
"1469",72.1384585281337
"1470",-14122.5593415344
"1471",-19463.2824665069
"1472",-1775.36236583873
"1473",-627.182571674225
"1474",-1476.32891116527
"1475",-416.839594807401
"1476",-203.049673959004
"1477",-1582.39344570816
"1478",-4599.09769891908
"1479",-2051.45148195138
"1480",-423.10214269083
"1481",-203.056143503835
"1482",-421.854709829738
"1483",-2705.65131972724
"1484",-203.054254392982
"1485",-203.054002981658
"1486",-2289.34573433247
"1487",-2393.08607823705
"1488",-6739.630311249
"1489",-416.861541478634
"1490",-12272.5551964102
"1491",-108635.812133037
"1492",862.030762087554
"1493",-54133.0255341072
"1494",-4649.51720220078
"1495",739.950326024753
"1496",-51848.4303422683
"1497",9378.88509567144
"1498",8148.94311762467
"1499",16652.4833593434
"1500",332.974536344608
"1501",979.9431175015
"1502",-2095.39352161571
"1503",1727.83371813267
"1504",739.944805871484
"1505",-416.861222515727
"1506",-2030.17491933788
"1507",-423.11508186847
"1508",-2356.53531262179
"1509",-2461.70109044986
"1510",-9187.02818370902
"1511",-2709.86925641461
"1512",-1630.17459625165
"1513",-2367.33278562189
"1514",-2565.01871402811
"1515",-3637.23010859605
"1516",28194.7532417868
"1517",-180481.368614731
"1518",-7382.21159174239
"1519",5226.52774578979
"1520",-8219.27324114233
"1521",9708.52957097297
"1522",-1704.09681887892
"1523",-1582.40755400002
"1524",-3145.96248470927
"1525",-1391.44908646765
"1526",-636.89796187132
"1527",-636.89796187132
"1528",-1930.8021351114
"1529",-878.548099812071
"1530",-847.241965370476
"1531",-110819.476059276
"1532",-2030.10426938544
"1533",-106276.044701452
"1534",-421.847552837779
"1535",-1391.44908659086
"1536",-1005.04492115298
"1537",116.562094200303
"1538",279.8961692329
"1539",-752.919823301869
"1540",-281.512746308148
"1541",-1897.84493652578
"1542",-1767.21037908067
"1543",521.157495591367
"1544",-31833.2818871675
"1545",479.947618213023
"1546",399.895043490939
"1547",-646.434513537536
"1548",-203.049287257728
"1549",-2817.9806081862
"1550",-6961.06435342232
"1551",-3252.34789835649
"1552",-2886.73635503476
"1553",-203.04816268115
"1554",-1751.19127606258
"1555",-1067.9180472449
"1556",-423.102705333742
"1557",-7803.83101187348
"1558",-1407.02918223295
"1559",-120.047318333735
"1560",13396.16777557
"1561",-982.892139276316
"1562",-2893.4396619301
"1563",-155775.703071577
"1564",3363.16263037055
"1565",3196.96757721804
"1566",2004.6425482841
"1567",-1238.06444077681
"1568",-22615.7198729515
"1569",-13423.2054403637
"1570",-298.829003579126
"1571",10594.9169835502
"1572",459.916983435166
"1573",454.957639252419
"1574",279.965514256743
"1575",-74717.8700162252
"1576",1427.76419141409
"1577",-14129.1917355279
"1578",-5028.09156806789
"1579",-10153.1998284102
"1580",9845.96579532645
"1581",-667.949064215869
"1582",-2104.85397556725
"1583",9457.18742654353
"1584",-170267.687366599
"1585",-33705.8500568503
"1586",364.957462647557
"1587",88935.2542785509
"1588",6481.62147550141
"1589",-7.13038344997913
"1590",416.971028477525
"1591",1690.96354571715
"1592",-1965.96483555447
"1593",-145475.891368282
"1594",523.96196268638
"1595",-84.0548875537018
"1596",1328.17609408972
"1597",624.959993996546
"1598",-4137.3581719628
"1599",45.7588483869907
"1600",1074.92092033975
"1601",1273.96055643237
"1602",1395.96027519212
"1603",843.53202728526
"1604",1400.96168184001
"1605",664.964951946797
"1606",-8539.17759704664
"1607",-8007.30852698191
"1608",-20627.2338494144
"1609",-10457.0113861109
"1610",-2312.77728379073
"1611",555.565990980584
"1612",705.608766258694
"1613",1741.96438956376
"1614",-252.290414537092
"1615",47989.6327997737
"1616",14253.9074204926
"1617",2313.29773375597
"1618",14576.9410438122
"1619",13645.5474266547
"1620",5129.9062954386
"1621",-7572.16519689001
"1622",3405.49359950744
"1623",3011.69238215079
"1624",-2123.84842491398
"1625",-2477.05452388429
"1626",-688.877017821694
"1627",574.953983077804
"1628",-8402.7068067381
"1629",-3189.75594074441
"1630",714.950607847013
"1631",-140.84236803857
"1632",-1186.97170696251
"1633",-12.8937333392722
"1634",46.8965221245463
"1635",235.947794893682
"1636",-58671.1227813355
"1637",-59491.9718709761
"1638",462.946201362287
"1639",-302.514303536725
"1640",276.145473545094
"1641",399.889018452255
"1642",72.1384585281337
"1643",-14122.5593415344
"1644",-19463.2824665069
"1645",-1775.36236583873
"1646",-627.182571674225
"1647",-1476.32891116527
"1648",-416.839594807401
"1649",-203.049673959004
"1650",-1582.39344570816
"1651",-4599.09769891908
"1652",-2051.45148195138
"1653",-423.10214269083
"1654",-203.056143503835
"1655",-421.854709829738
"1656",-2705.65131972724
"1657",-203.054254392982
"1658",-203.054002981658
"1659",-2289.34573433247
"1660",-2393.08607823705
"1661",-6739.630311249
"1662",-416.861541478634
"1663",-12272.5551964102
"1664",-108635.812133037
"1665",862.030762087554
"1666",-54133.0255341072
"1667",-4649.51720220078
"1668",739.950326024753
"1669",-51848.4303422683
"1670",9378.88509567144
"1671",8148.94311762467
"1672",16652.4833593434
"1673",332.974536344608
"1674",979.9431175015
"1675",-2095.39352161571
"1676",1727.83371813267
"1677",739.944805871484
"1678",-416.861222515727
"1679",-2030.17491933788
"1680",-423.11508186847
"1681",-2356.53531262179
"1682",-2461.70109044986
"1683",-9187.02818370902
"1684",-2709.86925641461
"1685",-1630.17459625165
"1686",-2367.33278562189
"1687",-2565.01871402811
"1688",-3637.23010859605
"1689",28194.7532417868
"1690",-180481.368614731
"1691",-7382.21159174239
"1692",5226.52774578979
"1693",-8219.27324114233
"1694",9708.52957097297
"1695",-1704.09681887892
"1696",-1582.40755400002
"1697",-3145.96248470927
"1698",-1391.44908646765
"1699",-636.89796187132
"1700",-636.89796187132
"1701",-1930.8021351114
"1702",-878.548099812071
"1703",-847.241965370476
"1704",-110819.476059276
"1705",-2030.10426938544
"1706",-106276.044701452
"1707",-421.847552837779
"1708",-1391.44908659086
"1709",-1005.04492115298
"1710",116.562094200303
"1711",279.8961692329
"1712",-752.919823301869
"1713",-281.512746308148
"1714",-1897.84493652578
"1715",-1767.21037908067
"1716",521.157495591367
"1717",-31833.2818871675
"1718",479.947618213023
"1719",399.895043490939
"1720",-646.434513537536
"1721",-203.049287257728
"1722",-2817.9806081862
"1723",-6961.06435342232
"1724",-3252.34789835649
"1725",-2886.73635503476
"1726",-203.04816268115
"1727",-1751.19127606258
"1728",-1067.9180472449
"1729",-423.102705333742
"1730",-7803.83101187348
"1731",-1420.85513803326
"1732",-122.066101070742
"1733",13392.1876634193
"1734",-992.826929544906
"1735",-2920.90241112212
"1736",-157277.104017188
"1737",3357.1641223923
"1738",3194.94893113747
"1739",1979.73101202982
"1740",-1256.46870170136
"1741",-22830.1393213272
"1742",-13550.6476921101
"1743",-304.873306364256
"1744",10590.8795246837
"1745",455.879524567599
"1746",452.938901997854
"1747",277.946849249924
"1748",-75572.1257044474
"1749",1410.19322069312
"1750",-14351.2301918171
"1751",-5145.23919713274
"1752",-10250.7154231663
"1753",9843.94713289825
"1754",-681.50822994262
"1755",-2131.59575515961
"1756",9453.16162311733
"1757",-171915.069819504
"1758",-34019.9679472802
"1759",362.938723772764
"1760",88098.6052352349
"1761",6475.53543399225
"1762",-13.0398365091532
"1763",414.952414059887
"1764",1688.94486265033
"1765",-2004.83607257791
"1766",-146828.761931294
"1767",521.943265096347
"1768",-99.1654828523596
"1769",1324.19605825568
"1770",622.941278345138
"1771",-4193.60916436613
"1772",32.8759020419172
"1773",1070.88349759057
"1774",1271.94184594092
"1775",1393.94156212049
"1776",836.546082581455
"1777",1398.9429816734
"1778",662.946281781172
"1779",-8623.62876766175
"1780",-8100.09117401845
"1781",-20830.7589306017
"1782",-10570.1124080018
"1783",-2344.27065336679
"1784",546.562009246461
"1785",695.495085215196
"1786",1739.94571423866
"1787",-269.981152285139
"1788",47976.7486970194
"1789",14249.8698738916
"1790",2302.41973131336
"1791",14574.9221543059
"1792",13639.4607057984
"1793",5125.86873851602
"1794",-7710.11166658625
"1795",3377.82840317264
"1796",2977.74460584025
"1797",-2193.91125450035
"1798",-2541.21098740616
"1799",-698.811669361343
"1800",572.935212280353
"1801",-8483.80503432285
"1802",-3224.67113286133
"1803",712.931806084141
"1804",-144.868444809566
"1805",-1198.94392445758
"1806",-22.8285382322931
"1807",42.858875538533
"1808",233.928967323899
"1809",-59213.1789536413
"1810",-60040.9807872236
"1811",460.92735917295
"1812",-309.500673293943
"1813",272.165156788627
"1814",395.851303025211
"1815",68.1580774137129
"1816",-14252.2800694384
"1817",-19642.000654273
"1818",-1791.80605726844
"1819",-633.092503524448
"1820",-1490.02917640532
"1821",-420.819774576277
"1822",-205.068478307252
"1823",-1597.06678007245
"1824",-4641.44721909265
"1825",-2070.42810105185
"1826",-427.139777027443
"1827",-205.075007205705
"1828",-425.880899828176
"1829",-2730.6297722018
"1830",-205.073100763559
"1831",-205.07284704571
"1832",-2310.50486950983
"1833",-2415.19695968876
"1834",-6801.61774529715
"1835",-420.841922593117
"1836",-12385.3034092213
"1837",-109632.626923248
"1838",836.498934216797
"1839",-54629.8147591908
"1840",-4700.43020405583
"1841",737.931521676356
"1842",-52330.7095197203
"1843",9369.34275709962
"1844",8146.92424714416
"1845",16645.4969681447
"1846",325.020174292723
"1847",977.924247019862
"1848",-2117.36960896999
"1849",1716.16246784031
"1850",737.925950879479
"1851",-420.841600703945
"1852",-2048.95634061621
"1853",-427.152834913135
"1854",-2378.3108659486
"1855",-2484.44146742647
"1856",-9271.46880924764
"1857",-2734.88640555603
"1858",-1645.28628979524
"1859",-2389.20739833402
"1860",-2588.70695911093
"1861",-3670.7551554639
"1862",28068.5766660233
"1863",-182231.491262573
"1864",-7526.85573478589
"1865",5189.16561501722
"1866",-8341.11061032712
"1867",9671.2041541929
"1868",-1719.88669795121
"1869",-1597.08101779819
"1870",-3174.98048915615
"1871",-1404.37063771965
"1872",-642.897025741699
"1873",-642.897025741699
"1874",-1948.67187947022
"1875",-886.764137425025
"1876",-855.170790740848
"1877",-111836.324463489
"1878",-2048.88504249907
"1879",-107251.210249172
"1880",-425.87367717574
"1881",-1404.37063784399
"1882",-1017.01781033787
"1883",110.475507908563
"1884",275.858519409349
"1885",-762.854867552345
"1886",-288.499101778865
"1887",-1916.63250475079
"1888",-1790.57928164105
"1889",517.13141756927
"1890",-32129.7340145727
"1891",477.928789022316
"1892",395.85738333948
"1893",-652.521068707605
"1894",-205.068088058258
"1895",-2843.98960459158
"1896",-7025.08329244455
"1897",-3282.34191577261
"1898",-2913.37613810847
"1899",-205.066953164463
"1900",-1767.41321437508
"1901",-1077.87142382513
"1902",-427.140344832217
"1903",-7875.58175510168
"1904",-1438.13758278363
"1905",-124.589579492
"1906",13387.2125232309
"1907",-1005.24541738064
"1908",-2955.23084761215
"1909",-159153.855199202
"1910",3349.66598741948
"1911",3192.42562353676
"1912",1948.59159171198
"1913",-1279.47402785706
"1914",-23098.1636317968
"1915",-13709.9505067932
"1916",-312.428684845668
"1917",10585.8327011006
"1918",450.83270098314
"1919",450.415480429648
"1920",275.423517991401
"1921",-76639.9453147252
"1922",1388.22950729191
"1923",-14628.7782621787
"1924",-5291.67373346379
"1925",-10372.6099166113
"1926",9841.423804863
"1927",-698.457187101059
"1928",-2165.02297965006
"1929",9448.12936883457
"1930",-173974.297885635
"1931",-34412.6153103174
"1932",360.415300179273
"1933",87052.7939310898
"1934",6467.9278821058
"1935",-20.4266528331209
"1936",412.429146037841
"1937",1686.42150881682
"1938",-2053.4251188572
"1939",-148519.850135059
"1940",519.419893108805
"1941",-118.053726975682
"1942",1319.22101346313
"1943",620.417883780878
"1944",-4263.92290487029
"1945",16.7722191105754
"1946",1065.8367191541
"1947",1269.41845782661
"1948",1391.41817078095
"1949",827.813651701699
"1950",1396.41960646515
"1951",660.422944074139
"1952",-8729.19273093063
"1953",-8216.06948281411
"1954",-21085.1652820858
"1955",-10711.4886853655
"1956",-2383.63736533687
"1957",535.307032078807
"1958",682.852983910823
"1959",1737.42237008228
"1960",-292.094574470197
"1961",47960.6435685764
"1962",14244.8229406404
"1963",2288.82222826011
"1964",14572.398542423
"1965",13631.8523047279
"1966",5120.82179236279
"1967",-7882.54475370655
"1968",3343.24690775415
"1969",2935.30988545207
"1970",-2281.48979148331
"1971",-2621.4065668085
"1972",-711.229983785904
"1973",570.411748783539
"1974",-8585.17781880379
"1975",-3268.31512300748
"1976",710.408303880552
"1977",-149.901040773311
"1978",-1213.90919632642
"1979",-35.2470443485691
"1980",37.8118173060163
"1981",231.405432861671
"1982",-59890.7491690236
"1983",-60727.2419325329
"1984",458.403806436279
"1985",-318.233635490465
"1986",267.189760843043
"1987",390.804158741407
"1988",63.1826010206869
"1989",-14414.4309793184
"1990",-19865.3983889807
"1991",-1812.36067155558
"1992",-640.479918337225
"1993",-1507.15450795538
"1994",-425.794999287371
"1995",-207.591983742562
"1996",-1615.40844802782
"1997",-4694.38411930961
"1998",-2094.14887492744
"1999",-432.186819948209
"2000",-207.598586833042
"2001",-430.913637326223
"2002",-2761.852837795
"2003",-207.596658726782
"2004",-207.596402125775
"2005",-2336.95378848153
"2006",-2442.83556150341
"2007",-6879.10203785735
"2008",-425.81739898622
"2009",-12526.2386752352
"2010",-110878.645411012
"2011",804.584149378352
"2012",-55250.8012905452
"2013",-4764.07145637465
"2014",735.40801624086
"2015",-52933.5584915353
"2016",9357.41483388484
"2017",8144.40065904353
"2018",16636.7639791463
"2019",315.077221727868
"2020",975.400658917815
"2021",-2144.83971816283
"2022",1701.57340497486
"2023",735.402382139473
"2024",-425.817073439217
"2025",-2072.43311721413
"2026",-432.200026218966
"2027",-2405.5303076071
"2028",-2512.86693864722
"2029",-9377.01959117091
"2030",-2766.1578419828
"2031",-1664.17590672473
"2032",-2416.55066422418
"2033",-2618.31726546447
"2034",-3712.66146404872
"2035",27910.8559463191
"2036",-184419.144572375
"2037",-7707.66091359028
"2038",5142.4629515515
"2039",-8493.40732180812
"2040",9624.54738321782
"2041",-1739.62404679156
"2042",-1615.42284754589
"2043",-3211.25299471474
"2044",-1420.52257678465
"2045",-650.395855579673
"2046",-650.395855579673
"2047",-1971.00905991875
"2048",-897.034184441219
"2049",-865.081822453812
"2050",-113107.384968756
"2051",-2072.3610088911
"2052",-108470.167183822
"2053",-430.906332598192
"2054",-1420.5225769104
"2055",-1031.98392181898
"2056",102.867275043887
"2057",270.811457129909
"2058",-775.27367286544
"2059",-297.232046117261
"2060",-1940.11696503205
"2061",-1819.79040984151
"2062",512.098820041648
"2063",-32500.2991738292
"2064",475.405252533934
"2065",390.810308150155
"2066",-660.129262670191
"2067",-207.59158905892
"2068",-2876.5008500983
"2069",-7105.10696622233
"2070",-3319.83443754275
"2071",-2946.67586695061
"2072",-207.590441268605
"2073",-1787.6906372657
"2074",-1090.31314455041
"2075",-432.18739420531
"2076",-7965.27018413693
"2077",-1441.59407173371
"2078",-125.094275176252
"2079",13386.2174951932
"2080",-1007.72911494779
"2081",-2962.09653491015
"2082",-159529.205435604
"2083",3348.16636042492
"2084",3191.92096201662
"2085",1942.36370764841
"2086",-1284.0750930882
"2087",-23151.7684938908
"2088",-13741.8110697298
"2089",-313.93976054195
"2090",10584.8233363839
"2091",449.823336266248
"2092",449.910796116007
"2093",274.918851739696
"2094",-76853.5092367808
"2095",1383.83676461166
"2096",-14684.287876251
"2097",-5320.96064073
"2098",-10396.9888153003
"2099",9840.91913925595
"2100",-701.846978532746
"2101",-2171.70842454815
"2102",9447.12291797802
"2103",-174386.143498861
"2104",-34491.1447829249
"2105",359.910615460575
"2106",86843.6316702608
"2107",6466.4063717285
"2108",-21.9040160979144
"2109",411.924492433431
"2110",1685.91683805011
"2111",-2063.14292811306
"2112",-148858.067775812
"2113",518.915218711297
"2114",-121.831375800346
"2115",1318.22600450462
"2116",619.913204868026
"2117",-4277.98565297112
"2118",13.551482524307
"2119",1064.82736346681
"2120",1268.91378020375
"2121",1390.91349251304
"2122",826.067165525748
"2123",1395.9149314235
"2124",659.918276532733
"2125",-8750.30552358441
"2126",-8239.26514457324
"2127",-21136.0465523826
"2128",-10739.7639408382
"2129",-2391.51070773089
"2130",533.056036645277
"2131",680.324563649949
"2132",1736.917701251
"2133",-296.517258907209
"2134",47957.4225428878
"2135",14243.8135539902
"2136",2286.10272764945
"2137",14571.8938200464
"2138",13630.3306245138
"2139",5119.81240313214
"2140",-7917.03137113061
"2141",3336.33060867045
"2142",2926.82294137443
"2143",-2299.0054988799
"2144",-2637.44568268897
"2145",-713.713646670816
"2146",569.907056084176
"2147",-8605.45237569998
"2148",-3277.04392103671
"2149",709.903603439834
"2150",-150.90755996606
"2151",-1216.90225070018
"2152",-37.7307455718243
"2153",36.802405659513
"2154",230.900725969225
"2155",-60026.2632121
"2156",-60864.4941615948
"2157",457.899095888945
"2158",-319.98022792977
"2159",266.194681653927
"2160",389.794729884646
"2161",62.1875057420817
"2162",-14446.8611612944
"2163",-19910.0779359222
"2164",-1816.47159441301
"2165",-641.957401299781
"2166",-1510.57957426539
"2167",-426.790044229589
"2168",-208.096684829624
"2169",-1619.07678161889
"2170",-4704.971499353
"2171",-2098.89302970255
"2172",-433.196228532363
"2173",-208.10330275851
"2174",-431.920184825833
"2175",-2768.09745091364
"2176",-208.101370319426
"2177",-208.101113141788
"2178",-2342.24357227587
"2179",-2448.36328186634
"2180",-6894.59889636939
"2181",-426.812494264841
"2182",-12554.4257284379
"2183",-111127.849108565
"2184",798.201192410663
"2185",-55374.9985968161
"2186",-4776.79970683841
"2187",734.903315153761
"2188",-53054.1282858983
"2189",9355.02924924188
"2190",8143.8959414234
"2191",16635.0173813466
"2192",313.088631214897
"2193",974.895941297405
"2194",-2150.3337400014
"2195",1698.65559240177
"2196",734.897668391472
"2197",-426.812167986271
"2198",-2077.12847253371
"2199",-433.209464480132
"2200",-2410.97419593881
"2201",-2518.55203289137
"2202",-9398.12974755556
"2203",-2772.41212926816
"2204",-1667.95383011063
"2205",-2422.01931740221
"2206",-2624.23932673517
"2207",-3721.04272576568
"2208",27879.3118023782
"2209",-184856.675234335
"2210",-7743.82194935116
"2211",5133.12241885836
"2212",-8523.86666410431
"2213",9615.21602902281
"2214",-1743.57151655963
"2215",-1619.09121349543
"2216",-3218.50749582646
"2217",-1423.75296459764
"2218",-651.895621547268
"2219",-651.895621547268
"2220",-1975.47649600845
"2221",-899.088193844457
"2222",-867.064028796405
"2223",-113361.597069809
"2224",-2077.05620216951
"2225",-108713.958570752
"2226",-431.912863682682
"2227",-1423.75296472368
"2228",-1034.9771441152
"2229",101.345628470952
"2230",269.802044674021
"2231",-777.757433928059
"2232",-298.97863498494
"2233",-1944.8138570883
"2234",-1825.63263548161
"2235",511.092300536124
"2236",-32574.4122056805
"2237",474.900545236257
"2238",389.800893112291
"2239",-661.650901462709
"2240",-208.096289259053
"2241",-2883.00309919965
"2242",-7121.11170097788
"2243",-3327.33294189678
"2244",-2953.33581271904
"2245",-208.095138889433
"2246",-1791.74612184383
"2247",-1092.80148869547
"2248",-433.196804079929
"2249",-7983.20786994398
"2250",-1448.50704963386
"2251",-126.103666544755
"2252",13384.2274391178
"2253",-1012.69651008209
"2254",-2975.82790950616
"2255",-160279.90590841
"2256",3345.1671064358
"2257",3190.91163897634
"2258",1929.90793952127
"2259",-1293.27722355048
"2260",-23258.9782180786
"2261",-13805.5321956031
"2262",-316.961911934515
"2263",10582.8046069507
"2264",447.804606832465
"2265",448.901427488724
"2266",273.909519236286
"2267",-77280.6370808919
"2268",1375.05127925118
"2269",-14795.3071043956
"2270",-5379.53445526242
"2271",-10445.7466126784
"2272",9839.90980804185
"2273",-708.626561396122
"2274",-2185.07931434433
"2275",9445.11001626491
"2276",-175209.834725313
"2277",-34648.2037281398
"2278",358.901246023178
"2279",86425.3071486028
"2280",6463.36335097392
"2281",-24.8587426275015
"2282",410.915185224613
"2283",1684.9074965167
"2284",-2082.57854662478
"2285",-149534.503057318
"2286",517.90586991628
"2287",-129.386673449675
"2288",1316.2359865876
"2289",618.903847042322
"2290",-4306.11114917278
"2291",7.11000935177025
"2292",1062.80865209222
"2293",1267.90442495803
"2294",1389.90413597723
"2295",822.574193173846
"2296",1394.90558134019
"2297",658.90894144992
"2298",-8792.53110889196
"2299",-8285.65646809151
"2300",-21237.8090929763
"2301",-10796.3144517837
"2302",-2407.25739251892
"2303",528.554045778215
"2304",675.2677231282
"2305",1735.90836358845
"2306",-305.362627781232
"2307",47950.9804915106
"2308",14241.7947806897
"2309",2280.66372642815
"2310",14570.8843752933
"2311",13627.2872640856
"2312",5117.79362467085
"2313",-7986.00460597873
"2314",3322.49801050305
"2315",2909.84905321916
"2316",-2334.03691367308
"2317",-2669.52391444991
"2318",-718.68097244064
"2319",568.89767068545
"2320",-8646.00148949236
"2321",-3294.50151709517
"2322",708.894202558398
"2323",-152.920598351558
"2324",-1222.88835944772
"2325",-42.6981480183347
"2326",34.7835823665063
"2327",229.891312184334
"2328",-60297.2912982529
"2329",-61138.9986197186
"2330",456.889674794277
"2331",-323.473412808378
"2332",264.204523275693
"2333",387.775872171124
"2334",60.1973151848713
"2335",-14511.7215252464
"2336",-19999.4370298053
"2337",-1824.69344012787
"2338",-644.912367224892
"2339",-1517.42970688542
"2340",-428.780134114027
"2341",-209.106087003748
"2342",-1626.41344880104
"2343",-4726.14625943979
"2344",-2108.38133925279
"2345",-435.215045700669
"2346",-209.112734609445
"2347",-433.933279825052
"2348",-2780.58667715092
"2349",-209.110793504715
"2350",-209.110535173814
"2351",-2352.82313986455
"2352",-2459.41872259219
"2353",-6925.59261339347
"2354",-428.802684822082
"2355",-12610.7998348435
"2356",-111626.256503671
"2357",785.435278475285
"2358",-55623.3932093579
"2359",-4802.25620776594
"2360",733.893912979563
"2361",-53295.2678746243
"2362",9350.25807995597
"2363",8142.88650618315
"2364",16631.5241857473
"2365",309.111450188955
"2366",973.886506056587
"2367",-2161.32178367853
"2368",1692.81996725559
"2369",733.88824089547
"2370",-428.80235708038
"2371",-2086.51918317287
"2372",-435.228341002464
"2373",-2421.86197260221
"2374",-2529.92222137968
"2375",-9440.35006032487
"2376",-2784.92070383887
"2377",-1675.50967688243
"2378",-2432.95662375828
"2379",-2636.08344927659
"2380",-3737.80524919961
"2381",27816.2235144965
"2382",-185731.736558256
"2383",-7816.14402087291
"2384",5114.44135347207
"2385",-8584.78534869671
"2386",9596.55332063278
"2387",-1751.46645609578
"2388",-1626.42794539452
"2389",-3233.0164980499
"2390",-1430.21374022364
"2391",-654.895153482457
"2392",-654.895153482457
"2393",-1984.41136818786
"2394",-903.196212650935
"2395",-871.02844148159
"2396",-113870.021271916
"2397",-2086.44658872632
"2398",-109201.541344612
"2399",-433.925925851663
"2400",-1430.21374035024
"2401",-1040.96358870765
"2402",98.3023353250821
"2403",267.783219762246
"2404",-782.724956053297
"2405",-302.471812720299
"2406",-1954.20764120081
"2407",-1837.31708676179
"2408",509.079261525075
"2409",-32722.6382693831
"2410",473.891130640904
"2411",387.782063036561
"2412",-664.694179047743
"2413",-209.105689659317
"2414",-2896.00759740233
"2415",-7153.12117048899
"2416",-3342.32995060484
"2417",-2966.6557042559
"2418",-209.10453413109
"2419",-1799.85709100008
"2420",-1097.77817698558
"2421",-435.215623829166
"2422",-8019.08324155808
"2423",-1451.96353858394
"2424",-126.608362229007
"2425",13383.2324110801
"2426",-1015.18020764923
"2427",-2982.69359680417
"2428",-160655.256144812
"2429",3343.66747944123
"2430",3190.40697745619
"2431",1923.6800554577
"2432",-1297.87828878162
"2433",-23312.5830801725
"2434",-13837.3927585397
"2435",-318.472987630797
"2436",10581.7952422341
"2437",446.795242115573
"2438",448.396743175083
"2439",273.404852984582
"2440",-77494.2010029475
"2441",1370.65853657093
"2442",-14850.8167184679
"2443",-5408.82136252863
"2444",-10470.1255113674
"2445",9839.4051424348
"2446",-712.01635282781
"2447",-2191.76475924242
"2448",9444.10356540836
"2449",-175621.680338539
"2450",-34726.7332007473
"2451",358.39656130448
"2452",86216.1448877738
"2453",6461.84184059663
"2454",-26.336105892295
"2455",410.410531620203
"2456",1684.40282575
"2457",-2092.29635588064
"2458",-149872.720698071
"2459",517.401195518772
"2460",-133.16432227434
"2461",1315.24097762909
"2462",618.39916812947
"2463",-4320.17389727362
"2464",3.88927276550188
"2465",1061.79929640492
"2466",1267.39974733517
"2467",1389.39945770932
"2468",820.827706997894
"2469",1394.40090629854
"2470",658.404273908514
"2471",-8813.64390154574
"2472",-8308.85212985064
"2473",-21288.6903632731
"2474",-10824.5897072564
"2475",-2415.13073491293
"2476",526.303050344684
"2477",672.739302867325
"2478",1735.40369475718
"2479",-309.785312218244
"2480",47947.759465822
"2481",14240.7853940394
"2482",2277.9442258175
"2483",14570.3796529167
"2484",13625.7655838715
"2485",5116.78423544021
"2486",-8020.49122340279
"2487",3315.58171141936
"2488",2901.36210914152
"2489",-2351.55262106967
"2490",-2685.56303033038
"2491",-721.164635325552
"2492",568.392977986087
"2493",-8666.27604638855
"2494",-3303.2303151244
"2495",708.38950211768
"2496",-153.927117544307
"2497",-1225.88141382149
"2498",-45.18184924159
"2499",33.774170720003
"2500",229.386605291888
"2501",-60432.8053413294
"2502",-61276.2508487804
"2503",456.384964246942
"2504",-325.220005247683
"2505",263.209444086576
"2506",386.766443314363
"2507",59.2022199062662
"2508",-14544.1517072224
"2509",-20044.1165767468
"2510",-1828.8043629853
"2511",-646.389850187448
"2512",-1520.85477319543
"2513",-429.775179056246
"2514",-209.61078809081
"2515",-1630.08178239211
"2516",-4736.73363948318
"2517",-2113.12549402791
"2518",-436.224454284823
"2519",-209.617450534912
"2520",-434.939827324661
"2521",-2786.83129026957
"2522",-209.615505097359
"2523",-209.615246189826
"2524",-2358.11292365889
"2525",-2464.94644295512
"2526",-6941.0894719055
"2527",-429.797780100703
"2528",-12638.9868880463
"2529",-111875.460201223
"2530",779.052321507595
"2531",-55747.5905156287
"2532",-4814.9844582297
"2533",733.389211892464
"2534",-53415.8376689873
"2535",9347.87249531302
"2536",8142.38178856302
"2537",16629.7775879476
"2538",307.122859675984
"2539",973.381788436177
"2540",-2166.8158055171
"2541",1689.9021546825
"2542",733.383527147469
"2543",-429.797451627435
"2544",-2091.21453849245
"2545",-436.237779263631
"2546",-2427.30586093391
"2547",-2535.60731562383
"2548",-9461.46021670952
"2549",-2791.17499112422
"2550",-1679.28760026832
"2551",-2438.42527693631
"2552",-2642.00551054729
"2553",-3746.18651091657
"2554",27784.6793705556
"2555",-186169.267220217
"2556",-7852.30505663379
"2557",5105.10082077893
"2558",-8615.24469099291
"2559",9587.22196643776
"2560",-1755.41392586385
"2561",-1630.09631134406
"2562",-3240.27099916161
"2563",-1433.44412803664
"2564",-656.394919450052
"2565",-656.394919450052
"2566",-1988.87880427757
"2567",-905.250222054173
"2568",-873.010647824183
"2569",-114124.23337297
"2570",-2091.14178200473
"2571",-109445.332731542
"2572",-434.932456936153
"2573",-1433.44412816352
"2574",-1043.95681100387
"2575",96.780688752147
"2576",266.773807306358
"2577",-785.208717115916
"2578",-304.218401587978
"2579",-1958.90453325706
"2580",-1843.15931240189
"2581",508.07274201955
"2582",-32796.7513012344
"2583",473.386423343227
"2584",386.772647998696
"2585",-666.215817840261
"2586",-209.61038985945
"2587",-2902.50984650368
"2588",-7169.12590524455
"2589",-3349.82845495886
"2590",-2973.31565002433
"2591",-209.609231751918
"2592",-1803.91257557821
"2593",-1100.26652113064
"2594",-436.225033703785
"2595",-8037.02092736512
"2596",-1451.96353858394
"2597",-126.608362229007
"2598",13383.2324110801
"2599",-1015.18020764923
"2600",-2982.69359680417
"2601",-160655.256144812
"2602",3343.66747944123
"2603",3190.40697745619
"2604",1923.6800554577
"2605",-1297.87828878162
"2606",-23312.5830801725
"2607",-13837.3927585397
"2608",-318.472987630797
"2609",10581.7952422341
"2610",446.795242115573
"2611",448.396743175083
"2612",273.404852984582
"2613",-77494.2010029475
"2614",1370.65853657093
"2615",-14850.8167184679
"2616",-5408.82136252863
"2617",-10470.1255113674
"2618",9839.4051424348
"2619",-712.01635282781
"2620",-2191.76475924242
"2621",9444.10356540836
"2622",-175621.680338539
"2623",-34726.7332007473
"2624",358.39656130448
"2625",86216.1448877738
"2626",6461.84184059663
"2627",-26.336105892295
"2628",410.410531620203
"2629",1684.40282575
"2630",-2092.29635588064
"2631",-149872.720698071
"2632",517.401195518772
"2633",-133.16432227434
"2634",1315.24097762909
"2635",618.39916812947
"2636",-4320.17389727362
"2637",3.88927276550188
"2638",1061.79929640492
"2639",1267.39974733517
"2640",1389.39945770932
"2641",820.827706997894
"2642",1394.40090629854
"2643",658.404273908514
"2644",-8813.64390154574
"2645",-8308.85212985064
"2646",-21288.6903632731
"2647",-10824.5897072564
"2648",-2415.13073491293
"2649",526.303050344684
"2650",672.739302867325
"2651",1735.40369475718
"2652",-309.785312218244
"2653",47947.759465822
"2654",14240.7853940394
"2655",2277.9442258175
"2656",14570.3796529167
"2657",13625.7655838715
"2658",5116.78423544021
"2659",-8020.49122340279
"2660",3315.58171141936
"2661",2901.36210914152
"2662",-2351.55262106967
"2663",-2685.56303033038
"2664",-721.164635325552
"2665",568.392977986087
"2666",-8666.27604638855
"2667",-3303.2303151244
"2668",708.38950211768
"2669",-153.927117544307
"2670",-1225.88141382149
"2671",-45.18184924159
"2672",33.774170720003
"2673",229.386605291888
"2674",-60432.8053413294
"2675",-61276.2508487804
"2676",456.384964246942
"2677",-325.220005247683
"2678",263.209444086576
"2679",386.766443314363
"2680",59.2022199062662
"2681",-14544.1517072224
"2682",-20044.1165767468
"2683",-1828.8043629853
"2684",-646.389850187448
"2685",-1520.85477319543
"2686",-429.775179056246
"2687",-209.61078809081
"2688",-1630.08178239211
"2689",-4736.73363948318
"2690",-2113.12549402791
"2691",-436.224454284823
"2692",-209.617450534912
"2693",-434.939827324661
"2694",-2786.83129026957
"2695",-209.615505097359
"2696",-209.615246189826
"2697",-2358.11292365889
"2698",-2464.94644295512
"2699",-6941.0894719055
"2700",-429.797780100703
"2701",-12638.9868880463
"2702",-111875.460201223
"2703",779.052321507595
"2704",-55747.5905156287
"2705",-4814.9844582297
"2706",733.389211892464
"2707",-53415.8376689873
"2708",9347.87249531302
"2709",8142.38178856302
"2710",16629.7775879476
"2711",307.122859675984
"2712",973.381788436177
"2713",-2166.8158055171
"2714",1689.9021546825
"2715",733.383527147469
"2716",-429.797451627435
"2717",-2091.21453849245
"2718",-436.237779263631
"2719",-2427.30586093391
"2720",-2535.60731562383
"2721",-9461.46021670952
"2722",-2791.17499112422
"2723",-1679.28760026832
"2724",-2438.42527693631
"2725",-2642.00551054729
"2726",-3746.18651091657
"2727",27784.6793705556
"2728",-186169.267220217
"2729",-7852.30505663379
"2730",5105.10082077893
"2731",-8615.24469099291
"2732",9587.22196643776
"2733",-1755.41392586385
"2734",-1630.09631134406
"2735",-3240.27099916161
"2736",-1433.44412803664
"2737",-656.394919450052
"2738",-656.394919450052
"2739",-1988.87880427757
"2740",-905.250222054173
"2741",-873.010647824183
"2742",-114124.23337297
"2743",-2091.14178200473
"2744",-109445.332731542
"2745",-434.932456936153
"2746",-1433.44412816352
"2747",-1043.95681100387
"2748",96.780688752147
"2749",266.773807306358
"2750",-785.208717115916
"2751",-304.218401587978
"2752",-1958.90453325706
"2753",-1843.15931240189
"2754",508.07274201955
"2755",-32796.7513012344
"2756",473.386423343227
"2757",386.772647998696
"2758",-666.215817840261
"2759",-209.61038985945
"2760",-2902.50984650368
"2761",-7169.12590524455
"2762",-3349.82845495886
"2763",-2973.31565002433
"2764",-209.609231751918
"2765",-1803.91257557821
"2766",-1100.26652113064
"2767",-436.225033703785
"2768",-8037.02092736512
"2769",-1451.96353858394
"2770",-126.608362229007
"2771",13383.2324110801
"2772",-1015.18020764923
"2773",-2982.69359680417
"2774",-160655.256144812
"2775",3343.66747944123
"2776",3190.40697745619
"2777",1923.6800554577
"2778",-1297.87828878162
"2779",-23312.5830801725
"2780",-13837.3927585397
"2781",-318.472987630797
"2782",10581.7952422341
"2783",446.795242115573
"2784",448.396743175083
"2785",273.404852984582
"2786",-77494.2010029475
"2787",1370.65853657093
"2788",-14850.8167184679
"2789",-5408.82136252863
"2790",-10470.1255113674
"2791",9839.4051424348
"2792",-712.01635282781
"2793",-2191.76475924242
"2794",9444.10356540836
"2795",-175621.680338539
"2796",-34726.7332007473
"2797",358.39656130448
"2798",86216.1448877738
"2799",6461.84184059663
"2800",-26.336105892295
"2801",410.410531620203
"2802",1684.40282575
"2803",-2092.29635588064
"2804",-149872.720698071
"2805",517.401195518772
"2806",-133.16432227434
"2807",1315.24097762909
"2808",618.39916812947
"2809",-4320.17389727362
"2810",3.88927276550188
"2811",1061.79929640492
"2812",1267.39974733517
"2813",1389.39945770932
"2814",820.827706997894
"2815",1394.40090629854
"2816",658.404273908514
"2817",-8813.64390154574
"2818",-8308.85212985064
"2819",-21288.6903632731
"2820",-10824.5897072564
"2821",-2415.13073491293
"2822",526.303050344684
"2823",672.739302867325
"2824",1735.40369475718
"2825",-309.785312218244
"2826",47947.759465822
"2827",14240.7853940394
"2828",2277.9442258175
"2829",14570.3796529167
"2830",13625.7655838715
"2831",5116.78423544021
"2832",-8020.49122340279
"2833",3315.58171141936
"2834",2901.36210914152
"2835",-2351.55262106967
"2836",-2685.56303033038
"2837",-721.164635325552
"2838",568.392977986087
"2839",-8666.27604638855
"2840",-3303.2303151244
"2841",708.38950211768
"2842",-153.927117544307
"2843",-1225.88141382149
"2844",-45.18184924159
"2845",33.774170720003
"2846",229.386605291888
"2847",-60432.8053413294
"2848",-61276.2508487804
"2849",456.384964246942
"2850",-325.220005247683
"2851",263.209444086576
"2852",386.766443314363
"2853",59.2022199062662
"2854",-14544.1517072224
"2855",-20044.1165767468
"2856",-1828.8043629853
"2857",-646.389850187448
"2858",-1520.85477319543
"2859",-429.775179056246
"2860",-209.61078809081
"2861",-1630.08178239211
"2862",-4736.73363948318
"2863",-2113.12549402791
"2864",-436.224454284823
"2865",-209.617450534912
"2866",-434.939827324661
"2867",-2786.83129026957
"2868",-209.615505097359
"2869",-209.615246189826
"2870",-2358.11292365889
"2871",-2464.94644295512
"2872",-6941.0894719055
"2873",-429.797780100703
"2874",-12638.9868880463
"2875",-111875.460201223
"2876",779.052321507595
"2877",-55747.5905156287
"2878",-4814.9844582297
"2879",733.389211892464
"2880",-53415.8376689873
"2881",9347.87249531302
"2882",8142.38178856302
"2883",16629.7775879476
"2884",307.122859675984
"2885",973.381788436177
"2886",-2166.8158055171
"2887",1689.9021546825
"2888",733.383527147469
"2889",-429.797451627435
"2890",-2091.21453849245
"2891",-436.237779263631
"2892",-2427.30586093391
"2893",-2535.60731562383
"2894",-9461.46021670952
"2895",-2791.17499112422
"2896",-1679.28760026832
"2897",-2438.42527693631
"2898",-2642.00551054729
"2899",-3746.18651091657
"2900",27784.6793705556
"2901",-186169.267220217
"2902",-7852.30505663379
"2903",5105.10082077893
"2904",-8615.24469099291
"2905",9587.22196643776
"2906",-1755.41392586385
"2907",-1630.09631134406
"2908",-3240.27099916161
"2909",-1433.44412803664
"2910",-656.394919450052
"2911",-656.394919450052
"2912",-1988.87880427757
"2913",-905.250222054173
"2914",-873.010647824183
"2915",-114124.23337297
"2916",-2091.14178200473
"2917",-109445.332731542
"2918",-434.932456936153
"2919",-1433.44412816352
"2920",-1043.95681100387
"2921",96.780688752147
"2922",266.773807306358
"2923",-785.208717115916
"2924",-304.218401587978
"2925",-1958.90453325706
"2926",-1843.15931240189
"2927",508.07274201955
"2928",-32796.7513012344
"2929",473.386423343227
"2930",386.772647998696
"2931",-666.215817840261
"2932",-209.61038985945
"2933",-2902.50984650368
"2934",-7169.12590524455
"2935",-3349.82845495886
"2936",-2973.31565002433
"2937",-209.609231751918
"2938",-1803.91257557821
"2939",-1100.26652113064
"2940",-436.225033703785
"2941",-8037.02092736512
