"","-(stores_empty$stores_remain[i + ((j - 1) * nrow(bmp))] - incoming_runoff_test + outflow)"
"1",-43567
"2",-1203
"3",-13094
"4",-15929
"5",-13793
"6",-2352
"7",-5685
"8",-2759
"9",-844
"10",-34082
"11",-32897
"12",-19252
"13",-3591
"14",-115
"15",-115
"16",-115
"17",-115
"18",-4323
"19",-626
"20",-575
"21",-345
"22",-108500
"23",-30061
"24",-2251
"25",-2167
"26",-288
"27",-335
"28",-269
"29",-5760
"30",-6944
"31",-684
"32",-762
"33",-780
"34",-500
"35",-288
"36",-557
"37",-324
"38",-67562
"39",-396
"40",-1228
"41",-995
"42",-115
"43",-115
"44",-115
"45",-115
"46",-115
"47",-115
"48",-115
"49",-115
"50",-115
"51",-115
"52",-115
"53",-115
"54",-115
"55",-115
"56",-21644
"57",-115
"58",-115
"59",-115
"60",-115
"61",-115
"62",-115
"63",-115
"64",-115
"65",-115
"66",-2735
"67",-52998
"68",-17516
"69",-3988
"70",-115
"71",-115
"72",-115
"73",-115
"74",-115
"75",-115
"76",-115
"77",-4182
"78",-115
"79",-6545
"80",-46265
"81",-80450
"82",-20916
"83",-115
"84",-115
"85",-115
"86",-38437.2057952257
"87",-1179.7877321162
"88",-12665.3712876553
"89",-15905.7862486366
"90",-13284.0186778243
"91",-2164.24778362271
"92",-1714.82588873063
"93",-2735.78684202781
"94",4976.70265319278
"95",-34035.5701626026
"96",-25306.6205568933
"97",-19057.8756601655
"98",-3567.78752446566
"99",328.65611711671
"100",-68.5714681759414
"101",-69.231149219914
"102",271.525046579316
"103",-3759.75790451206
"104",-451.018265078496
"105",-551.787672753936
"106",-73.690713307634
"107",-108453.572536342
"108",-27602.0058990078
"109",-2204.57556258611
"110",2875.19777855948
"111",2468.01238766345
"112",65.3826651336253
"113",1019.29374261675
"114",-4217.20510076892
"115",-5790.97371196484
"116",-614.013546708028
"117",2317.22324641339
"118",-733.704471980172
"119",-395.309931028932
"120",3260.29713121013
"121",-482.698375196184
"122",-254.010326209689
"123",-67516.234357876
"124",1898.58493857376
"125",23444.5607567763
"126",-971.787702454633
"127",-46.0191044946139
"128",-91.786397015173
"129",-6.54512777090072
"130",-68.5726550266053
"131",-69.2324275227015
"132",-40.7019804812223
"133",-69.2323105146612
"134",-69.2316085366781
"135",1175.20094323955
"136",-69.2314069032731
"137",-34.6651099915556
"138",-91.7856552330529
"139",-68.5712307977475
"140",-68.5711121129881
"141",-20996.4038031021
"142",-17.4836981607989
"143",-68.5702812923615
"144",-91.7851211268951
"145",-23.5331867015051
"146",-69.2298739795325
"147",-12.5810272848016
"148",264.816548920522
"149",182.315214526815
"150",-68.5698065076272
"151",-2711.78808700471
"152",-50068.9620436873
"153",-12508.3450645906
"154",-2850.87677150528
"155",-91.7853881852577
"156",-69.2305760467673
"157",8.94836360540863
"158",8.94836360540863
"159",-91.7852694560153
"160",-69.2303419205857
"161",-17.4836981607989
"162",-4135.57532303985
"163",-91.7848837191053
"164",-6521.7873167687
"165",-44007.535099588
"166",-80426.7865749964
"167",-20892.7876320447
"168",-91.7847946966998
"169",-68.5696878188693
"170",-91.7848540828129
"171",-21263.5469357638
"172",-1102.0770961574
"173",-11230.3969028493
"174",-15828.0706462463
"175",-11580.0377296709
"176",-1535.6860157509
"177",11576.6265707364
"178",-2658.07322620787
"179",24463.4028399686
"180",-33880.1311417506
"181",104.649752637994
"182",-18407.9811311544
"183",-3490.07619332895
"184",1813.93963963787
"185",86.8631818437328
"186",83.9950033916782
"187",1565.54368077964
"188",-1874.12132396549
"189",134.790151832625
"190",-474.076838060593
"191",834.605594314635
"192",-108298.141462358
"193",-19369.7213000339
"194",-2049.15461993963
"195",19755.5990372151
"196",11694.6625550585
"197",1405.79419623315
"198",5332.27714181195
"199",947.803909700364
"200",-1930.84222593407
"201",-379.711072643598
"202",12625.9271583191
"203",-578.715095565965
"204",-44.8257870823145
"205",15139.3788313484
"206",-233.949457374712
"207",-19.6970704769095
"208",-67363.0189472872
"209",9580.45625466853
"210",106044.003290332
"211",-894.076967194055
"212",184.91693697994
"213",-14.0712913703173
"214",356.542922735214
"215",86.858021623455
"216",83.9894455534716
"217",208.034867472947
"218",83.9899542840819
"219",83.9930063622693
"220",5494.56931843284
"221",83.9938830292473
"222",234.282130471497
"223",-14.0680662306647
"224",86.8642139228371
"225",86.86472994353
"226",-18828.3643613135
"227",308.983921040005
"228",86.8683422071238
"229",-14.0657440299789
"230",282.681796949978
"231",84.0005479150762
"232",330.299881370428
"233",1536.37629965444
"234",1177.67484576876
"235",86.8704064885775
"236",-2634.07863915091
"237",-40263.0523638576
"238",4256.41276264967
"239",956.014036933581
"240",-14.0669051532944
"241",83.9974954488377
"242",423.905928719168
"243",423.905928719168
"244",-14.0663889391969
"245",83.9985133887579
"246",308.983921040005
"247",-3980.15357843414
"248",-14.0647118221968
"249",-6444.07529029871
"250",-36449.9352156001
"251",-80349.0720652019
"252",-20815.076661064
"253",-14.0643247682601
"254",86.8709225266551
"255",-14.0645829687516
"256",-6989.33697465268
"257",-1037.48643769813
"258",-10037.6909206728
"259",-15763.4758598439
"260",-10163.7418766603
"261",-1013.24506583148
"262",22624.0675760076
"263",-2593.4800909809
"264",40660.1406575485
"265",-33750.935072471
"266",21225.7055943263
"267",-17867.8090550933
"268",-3425.48495705947
"269",3048.4610090061
"270",216.055618223722
"271",211.351805562352
"272",2641.0916364786
"273",-306.838971303403
"274",621.695849005505
"275",-409.486014419372
"276",1589.553174676
"277",-108168.951998267
"278",-12527.3029320555
"279",-1919.97357670099
"280",33786.0624210328
"281",19363.5665902959
"282",2519.90248182237
"283",8917.09451257159
"284",5240.7984119086
"285",1277.57874946813
"286",-184.966159135501
"287",21194.2005396433
"288",-449.892756728182
"289",246.485709185004
"290",25012.9012834113
"291",-27.1971100945274
"292",175.056804417868
"293",-67235.6710735509
"294",15965.3882576564
"295",174698.085396144
"296",-829.486226198251
"297",376.863776647101
"298",50.5230821526796
"299",658.330393285751
"300",216.047155462466
"301",211.342690707694
"302",414.777182655632
"303",211.343525025894
"304",211.348530434122
"305",9084.69368222986
"306",211.349968167966
"307",457.822693973256
"308",50.52837138171
"309",216.057310833453
"310",216.058157107389
"311",-17026.3575525541
"312",580.333630505608
"313",216.064081219683
"314",50.5321797908346
"315",537.198146997963
"316",211.360898580725
"317",615.291805447501
"318",2593.25713143329
"319",2004.98674706077
"320",216.067466641267
"321",-2569.48896820749
"322",-32112.6858767265
"323",18190.7569307455
"324",4120.18302057107
"325",50.5302755485972
"326",211.355892536094
"327",768.805723099435
"328",768.805723099435
"329",50.5311221397172
"330",211.357561957563
"331",580.333630505608
"332",-3850.97186863199
"333",50.5338726115972
"334",-6379.48347608988
"335",-30168.2937535842
"336",-80284.4781869311
"337",-20750.4857241449
"338",50.5345073800534
"339",216.068312943714
"340",50.5340839312474
"341",2155.07878168415
"342",-996.108047122664
"343",-9273.61365084102
"344",-15722.0948248049
"345",-9256.42734582537
"346",-678.55633228935
"347",29701.3344700096
"348",-2552.10011372613
"349",51036.1758219356
"350",-33668.1688405887
"351",34756.3819929079
"352",-17521.7613188666
"353",-3384.10619632434
"354",3839.32626125763
"355",298.819522779652
"356",292.93975695294
"357",3330.11454559825
"358",697.201285870746
"359",933.619811256882
"360",-368.107518024215
"361",2073.191468345
"362",-108086.189997833
"363",-8143.8786650694
"364",-1837.21697087623
"365",42774.328026291
"366",24276.4582378699
"367",3233.62810227796
"368",11213.6181407145
"369",7990.99801488575
"370",3332.97343683516
"371",-60.2076989193758
"372",26683.2506745541
"373",-367.365945910228
"374",433.107136481255
"375",31338.1266042642
"376",105.253612381841
"377",299.821005522336
"378",-67154.0888419387
"379",20055.7353220705
"380",218679.60674518
"381",-788.107782747814
"382",499.829720808876
"383",91.9038526908494
"384",851.662991607189
"385",298.808944328083
"386",292.928363384617
"387",547.221478319541
"388",292.929406282368
"389",292.935663042652
"390",11384.6171027873
"391",292.937460209957
"392",601.02836746657
"393",91.9104642271375
"394",298.821638541816
"395",298.822696384237
"396",-15871.9469406926
"397",754.16703813201
"398",298.830101524604
"399",91.9152247385432
"400",700.247683747454
"401",292.951123225906
"402",797.864756809377
"403",3270.32141429161
"404",2534.98343382596
"405",298.834333301584
"406",-2528.11121025936
"407",-26891.3573459081
"408",27117.4461634318
"409",6147.22877571384
"410",91.9128444357465
"411",292.944865670117
"412",989.757153874294
"413",989.757153874294
"414",91.9139026746464
"415",292.946952446954
"416",754.16703813201
"417",-3768.21483578999
"418",91.9173407644965
"419",-6338.10434511236
"420",-26144.1171919803
"421",-80243.0977336639
"422",-20709.1071551812
"423",91.9181342250667
"424",298.835391179643
"425",91.9176049140592
"426",3270.25143489595
"427",-991.061901930533
"428",-9180.43349598348
"429",-15717.0483571172
"430",-9145.77923230892
"431",-637.740633076895
"432",30564.4157985464
"433",-2547.05377503652
"434",52301.5459639341
"435",-33658.0753976763
"436",36406.4644805398
"437",-17479.5603754243
"438",-3379.06000599079
"439",3935.77324323952
"440",308.912681871839
"441",302.889507122524
"442",3414.14172963724
"443",819.645219672471
"444",971.659318848513
"445",-363.061359927244
"446",2132.17174806073
"447",-108076.097070951
"448",-7609.31473007109
"449",-1827.12470187321
"450",43870.4579781517
"451",24875.5913656228
"452",3320.66781208962
"453",11493.6819978051
"454",8326.38821037076
"455",3583.63132553846
"456",-44.9932525515557
"457",27352.6470324701
"458",-357.301700688526
"459",455.86584712714
"460",32109.4955458316
"461",121.406139513105
"462",315.03615199849
"463",-67144.139789303
"464",20554.5581348039
"465",224043.206909697
"466",-783.061631107517
"467",514.825567657873
"468",96.9502881223336
"469",875.24013774395
"470",308.901845409255
"471",302.87783566229
"472",563.373221693188
"473",302.878903996572
"474",302.885313360766
"475",11665.095568709
"476",302.887154361419
"477",618.492473990145
"478",96.9570609156042
"479",308.914849237958
"480",308.915932881413
"481",-15731.1651587583
"482",775.36623418401
"483",308.92351863496
"484",96.9619375370443
"485",720.131773594953
"486",302.90115062166
"487",820.129750877898
"488",3352.89022927433
"489",2599.6171761144
"490",308.927853626013
"491",-2523.06514221691
"492",-26254.609964101
"493",28206.0668015643
"494",6394.42947756052
"495",96.9594991780817
"496",302.894740442559
"497",1016.70245031025
"498",1016.70245031025
"499",96.9605832276866
"500",302.896878116392
"501",775.36623418401
"502",-3758.12251471169
"503",96.9641051733866
"504",-6333.05810962729
"505",-25653.3639527603
"506",-80238.051336924
"507",-20704.0609882344
"508",96.9649179866537
"509",308.928937305976
"510",96.9643757656217
"511",4162.3895574654
"512",-987.024985776829
"513",-9105.88937209745
"514",-15713.011182967
"515",-9057.26074149576
"516",-605.088073706931
"517",31254.8808613758
"518",-2543.01670408484
"519",53313.8420775328
"520",-33650.0006433463
"521",37726.5304706453
"522",-17445.7996206705
"523",-3375.02305372395
"524",4012.93082882504
"525",316.987209145588
"526",310.849307258191
"527",3481.36347686842
"528",917.600366713852
"529",1002.09092492182
"530",-359.024433449668
"531",2179.35597183332
"532",-108068.022729445
"533",-7181.66358207244
"534",-1819.0508866708
"535",44747.3619396403
"536",25354.8978678252
"537",3390.29957993895
"538",11717.7330834776
"539",8594.70036675878
"540",3784.15763650109
"541",-32.8216954572996
"542",27888.1641188028
"543",-349.250304511165
"544",474.072815643847
"545",32726.5906990855
"546",134.328161218117
"547",327.208269179414
"548",-67136.1805471945
"549",20953.6163849907
"550",228334.08704131
"551",-779.024709795279
"552",526.822245137071
"553",100.987436467521
"554",894.101854653358
"555",316.976166274194
"556",310.837413484429
"557",576.294616392106
"558",310.838502167935
"559",310.845033615256
"560",11889.4783414463
"561",310.846909682589
"562",632.463759209004
"563",100.994338266378
"564",316.989417794871
"565",316.990522079154
"566",-15618.5397332108
"567",792.32559102561
"568",316.998252323245
"569",100.999307775845
"570",736.039045472952
"571",310.861172538263
"572",837.941746132715
"573",3418.94528126051
"574",2651.32416994515
"575",317.002669885556
"576",-2519.02828778294
"577",-25745.2120586553
"578",29076.9633120703
"579",6592.19003903786
"580",100.99682297195
"581",310.854640260513
"582",1038.25868745902
"583",1038.25868745902
"584",100.997927670119
"585",310.856818651942
"586",792.32559102561
"587",-3750.04865784906
"588",101.001516700499
"589",-6329.02112123924
"590",-25260.7613613843
"591",-80234.0142195321
"592",-20700.0240546769
"593",101.002344995923
"594",317.003774207042
"595",101.001792446872
"596",5054.52768003485
"597",-982.988069623125
"598",-9031.34524821142
"599",-15708.9740088169
"600",-8968.74225068259
"601",-572.435514336967
"602",31945.3459242053
"603",-2538.97963313315
"604",54326.1381911315
"605",-33641.9258890163
"606",39046.5964607508
"607",-17412.0388659166
"608",-3370.9861014571
"609",4090.08841441055
"610",325.061736419337
"611",318.809107393858
"612",3548.58522409961
"613",1015.55551375523
"614",1032.52253099512
"615",-354.987506972092
"616",2226.5401956059
"617",-108059.94838794
"618",-6754.0124340738
"619",-1810.97707146838
"620",45624.265901129
"621",25834.2043700275
"622",3459.93134778827
"623",11941.78416915
"624",8863.01252314679
"625",3984.68394746373
"626",-20.6501383630435
"627",28423.6812051356
"628",-341.198908333803
"629",492.279784160554
"630",33343.6858523395
"631",147.250182923128
"632",339.380386360337
"633",-67128.221305086
"634",21352.6746351774
"635",232624.967172924
"636",-774.987788483041
"637",538.818922616268
"638",105.024584812708
"639",912.963571562767
"640",325.050487139132
"641",318.796991306568
"642",589.216011091024
"643",318.798100339298
"644",318.804753869747
"645",12113.8611141836
"646",318.806665003759
"647",646.435044427864
"648",105.031615617151
"649",325.063986351785
"650",325.065111276895
"651",-15505.9143076634
"652",809.28494786721
"653",325.07298601153
"654",105.036678014646
"655",751.946317350951
"656",318.821194454866
"657",855.753741387532
"658",3485.00033324669
"659",2703.0311637759
"660",325.077486145099
"661",-2514.99143334898
"662",-25235.8141532096
"663",29947.8598225763
"664",6789.95060051521
"665",105.034146765818
"666",318.814540078466
"667",1059.81492460779
"668",1059.81492460779
"669",105.035272112551
"670",318.816759187492
"671",809.28494786721
"672",-3741.97480098642
"673",105.038928227611
"674",-6324.98413285119
"675",-24868.1587700083
"676",-80229.9771021401
"677",-20695.9871211195
"678",105.039772005193
"679",325.078611108108
"680",105.039209128122
"681",5054.52768003485
"682",-982.988069623125
"683",-9031.34524821142
"684",-15708.9740088169
"685",-8968.74225068259
"686",-572.435514336967
"687",31945.3459242053
"688",-2538.97963313315
"689",54326.1381911315
"690",-33641.9258890163
"691",39046.5964607508
"692",-17412.0388659166
"693",-3370.9861014571
"694",4090.08841441055
"695",325.061736419337
"696",318.809107393858
"697",3548.58522409961
"698",1015.55551375523
"699",1032.52253099512
"700",-354.987506972092
"701",2226.5401956059
"702",-108059.94838794
"703",-6754.0124340738
"704",-1810.97707146838
"705",45624.265901129
"706",25834.2043700275
"707",3459.93134778827
"708",11941.78416915
"709",8863.01252314679
"710",3984.68394746373
"711",-20.6501383630435
"712",28423.6812051356
"713",-341.198908333803
"714",492.279784160554
"715",33343.6858523395
"716",147.250182923128
"717",339.380386360337
"718",-67128.221305086
"719",21352.6746351774
"720",232624.967172924
"721",-774.987788483041
"722",538.818922616268
"723",105.024584812708
"724",912.963571562767
"725",325.050487139132
"726",318.796991306568
"727",589.216011091024
"728",318.798100339298
"729",318.804753869747
"730",12113.8611141836
"731",318.806665003759
"732",646.435044427864
"733",105.031615617151
"734",325.063986351785
"735",325.065111276895
"736",-15505.9143076634
"737",809.28494786721
"738",325.07298601153
"739",105.036678014646
"740",751.946317350951
"741",318.821194454866
"742",855.753741387532
"743",3485.00033324669
"744",2703.0311637759
"745",325.077486145099
"746",-2514.99143334898
"747",-25235.8141532096
"748",29947.8598225763
"749",6789.95060051521
"750",105.034146765818
"751",318.814540078466
"752",1059.81492460779
"753",1059.81492460779
"754",105.035272112551
"755",318.816759187492
"756",809.28494786721
"757",-3741.97480098642
"758",105.038928227611
"759",-6324.98413285119
"760",-24868.1587700083
"761",-80229.9771021401
"762",-20695.9871211195
"763",105.039772005193
"764",325.078611108108
"765",105.039209128122
"766",5500.59674131957
"767",-980.969611546273
"768",-8994.07318626841
"769",-15706.9554217418
"770",-8924.48300527601
"771",-556.109234651985
"772",32290.57845562
"773",-2536.96109765731
"774",54832.2862479309
"775",-33637.8885118513
"776",39706.6294558036
"777",-17395.1584885397
"778",-3368.96762532368
"779",4128.66720720331
"780",329.099000056212
"781",322.789007461692
"782",3582.1960977152
"783",1064.53308727592
"784",1047.73833403178
"785",-352.969043733304
"786",2250.1323074922
"787",-108055.911217187
"788",-6540.18686007448
"789",-1806.94016386718
"790",46062.7178818733
"791",26073.8576211287
"792",3494.74723171294
"793",12053.8097119863
"794",8997.1686013408
"795",4084.94710294505
"796",-14.5643598159155
"797",28691.439748302
"798",-337.173210245122
"799",501.383268418908
"800",33652.2334289664
"801",153.711193775634
"802",345.466444950799
"803",-67124.2416840318
"804",21552.2037602708
"805",234770.40723873
"806",-772.969327826922
"807",544.817261355867
"808",107.043158985302
"809",922.394430017471
"810",329.087647571601
"811",322.776780217638
"812",595.676708440483
"813",322.77789942498
"814",322.784613996993
"815",12226.0525005523
"816",322.786542664344
"817",653.420687037294
"818",107.050254292538
"819",329.101270630242
"820",329.102405875766
"821",-15449.6015948897
"822",817.76462628801
"823",329.110352855672
"824",107.055363134046
"825",759.899953289951
"826",322.801205413168
"827",864.659739014941
"828",3518.02785923978
"829",2728.88466069127
"830",329.114894274871
"831",-2512.973006132
"832",-24981.1152004868
"833",30383.3080778293
"834",6888.83088125388
"835",107.052808662752
"836",322.794489987443
"837",1070.59304318217
"838",1070.59304318217
"839",107.053944333767
"840",322.796729455267
"841",817.76462628801
"842",-3737.93787255511
"843",107.057633991167
"844",-6322.96563865716
"845",-24671.8574743203
"846",-80227.9585434442
"847",-20693.9686543408
"848",107.058485509828
"849",329.116029558641
"850",107.057917468746
"851",6058.18306792548
"852",-978.446538950208
"853",-8947.48310883964
"854",-15704.432187898
"855",-8869.15894851778
"856",-535.701385045758
"857",32722.1191198884
"858",-2534.4379283125
"859",55464.9713189301
"860",-33632.8417903951
"861",40531.6706996195
"862",-17374.0580168186
"863",-3366.44453015691
"864",4176.89069819426
"865",334.145579602305
"866",327.763882546484
"867",3624.20968973469
"868",1125.75505417679
"869",1066.75808782759
"870",-350.445964684819
"871",2279.62244735006
"872",-108050.864753746
"873",-6272.90489257532
"874",-1801.89402936567
"875",46610.7828578036
"876",26373.4241850051
"877",3538.26708661877
"878",12193.8416405316
"879",9164.86369908331
"880",4210.2760472967
"881",-6.95713663200541
"882",29026.13792726
"883",-332.141087634272
"884",512.76262374185
"885",34037.9178997501
"886",161.787457341266
"887",353.074018188876
"888",-67119.2671577139
"889",21801.6151666375
"890",237452.207320989
"891",-770.446252006774
"892",552.315184780366
"893",109.566376701044
"894",934.183003085852
"895",334.134098112187
"896",327.751516356474
"897",603.752580127306
"898",327.752648282082
"899",327.759439156049
"900",12366.2917335131
"901",327.761389740075
"902",662.152740299082
"903",109.573552636771
"904",334.147875978313
"905",334.149024124354
"906",-15379.2107039225
"907",828.36422431401
"908",334.15706141085
"909",109.578719533297
"910",769.8419982137
"911",327.776219111045
"912",875.792236049202
"913",3559.31226673114
"914",2761.20153183549
"915",334.161654437085
"916",-2510.44997211077
"917",-24662.7415095832
"918",30927.6183968955
"919",7012.43123217722
"920",109.57613603392
"921",327.769427373664
"922",1084.06569140015
"923",1084.06569140015
"924",109.577284610287
"925",327.771692289986
"926",828.36422431401
"927",-3732.89171201596
"928",109.581016195612
"929",-6320.44252091463
"930",-24426.4808547103
"931",-80225.4353450742
"932",-20691.4455708674
"933",109.581877390621
"934",334.162802621808
"935",109.581302894528
"936",6169.70033324666
"937",-977.941924430995
"938",-8938.16509335389
"939",-15703.9275411292
"940",-8858.09413716614
"941",-531.619815124512
"942",32808.4272527421
"943",-2533.93329444354
"944",55591.50833313
"945",-33631.8324461039
"946",40696.6789483827
"947",-17369.8379224744
"948",-3365.93991112355
"949",4186.53539639244
"950",335.154895511524
"951",328.758857563442
"952",3632.61240813859
"953",1137.99944755696
"954",1070.56203858675
"955",-349.941348875121
"956",2285.52047532164
"957",-108049.855461058
"958",-6219.44849907549
"959",-1800.88480246536
"960",46720.3958529897
"961",26433.3374977804
"962",3546.97105759993
"963",12221.8480262406
"964",9198.40271863181
"965",4235.34183616703
"966",-5.4356919952234
"967",29093.0775630515
"968",-331.134663112101
"969",515.038494806439
"970",34115.0547939069
"971",163.402710054393
"972",354.595532836492
"973",-67118.2722524504
"974",21851.4974479108
"975",237988.56733744
"976",-769.941636842744
"977",553.814769465265
"978",110.071020244192
"979",936.540717699528
"980",335.143388220305
"981",328.746463584242
"982",605.367754464671
"983",328.747598053503
"984",328.754404187861
"985",12394.3395801052
"986",328.756359155222
"987",663.899150951439
"988",110.078212305618
"989",335.157197047927
"990",335.158347774072
"991",-15365.1325257291
"992",830.484143919211
"993",335.166403121886
"994",110.083390813147
"995",771.83040719845
"996",328.77122185062
"997",878.018735456054
"998",3567.56914822941
"999",2767.66490606433
"1000",335.171006469528
"1001",-2509.94536530652
"1002",-24599.0667714025
"1003",31036.4804607088
"1004",7037.15130236189
"1005",110.080801508153
"1006",328.764414850908
"1007",1086.76022104374
"1008",1086.76022104374
"1009",110.081952665591
"1010",328.76668485693
"1011",830.484143919211
"1012",-3731.88247990813
"1013",110.085692636501
"1014",-6319.93789736612
"1015",-24377.4055307883
"1016",-80224.9307054002
"1017",-20690.9409541727
"1018",110.08655576678
"1019",335.172157234441
"1020",110.085979979684
"1021",6392.73486388902
"1022",-976.932695392569
"1023",-8919.52906238238
"1024",-15702.9182475917
"1025",-8835.96451446285
"1026",-523.456675282021
"1027",32981.0435184495
"1028",-2532.92402670562
"1029",55844.5823615297
"1030",-33629.8137575214
"1031",41026.6954459091
"1032",-17361.3977337859
"1033",-3364.93067305684
"1034",4205.82479278882
"1035",337.173527329961
"1036",330.748807597359
"1037",3649.41784494638
"1038",1162.4882343173
"1039",1078.16994010508
"1040",-348.932117255727
"1041",2297.31653126478
"1042",-108047.836875681
"1043",-6112.53571207583
"1044",-1798.86634866476
"1045",46939.6218433619
"1046",26553.164123331
"1047",3564.37899956226
"1048",12277.8607976588
"1049",9265.48075772881
"1050",4285.47341390769
"1051",-2.39280272165937
"1052",29226.9568346347
"1053",-329.121814067761
"1054",519.590236935616
"1055",34269.3285822204
"1056",166.633215480645
"1057",357.638562131723
"1058",-67116.2824419232
"1059",21951.2620104575
"1060",239061.287370344
"1061",-768.932406514684
"1062",556.813938835065
"1063",111.080307330489
"1064",941.25614692688
"1065",337.161968436539
"1066",330.736358039776
"1067",608.598103139401
"1068",330.737497596343
"1069",330.744334251483
"1070",12450.4352732896
"1071",330.746297985514
"1072",667.391972256154
"1073",111.087531643311
"1074",337.175839187155
"1075",337.176995073507
"1076",-15336.9761693422
"1077",834.723983129611
"1078",337.185086543957
"1079",111.092733372847
"1080",775.80722516795
"1081",330.761227329771
"1082",882.471734269758
"1083",3584.08291122595
"1084",2780.59165452202
"1085",337.189710534414
"1086",-2508.93615169803
"1087",-24471.7172950411
"1088",31254.2045883353
"1089",7086.59144273122
"1090",111.090132456621
"1091",330.754389805396
"1092",1092.14928033094
"1093",1092.14928033094
"1094",111.091288776199
"1095",330.756669990818
"1096",834.723983129611
"1097",-3729.86401569247
"1098",111.095045518279
"1099",-6318.92865026911
"1100",-24279.2548829443
"1101",-80223.9214260523
"1102",-20689.9317207833
"1103",111.095912519097
"1104",337.190866459707
"1105",111.095334149996
"1106",6504.2521292102
"1107",-976.428080873356
"1108",-8910.21104689663
"1109",-15702.4136008229
"1110",-8824.8997031112
"1111",-519.375105360776
"1112",33067.3516513031
"1113",-2532.41939283666
"1114",55971.1193757295
"1115",-33628.8044132301
"1116",41191.7036946723
"1117",-17357.1776394417
"1118",-3364.42605402349
"1119",4215.46949098701
"1120",338.18284323918
"1121",331.743782614318
"1122",3657.82056335028
"1123",1174.73262769748
"1124",1081.97389086424
"1125",-348.42750144603
"1126",2303.21455923636
"1127",-108046.827582993
"1128",-6059.079318576
"1129",-1797.85712176446
"1130",47049.2348385479
"1131",26613.0774361063
"1132",3573.08297054343
"1133",12305.8671833678
"1134",9299.01977727732
"1135",4310.53920277802
"1136",-0.871358084877364
"1137",29293.8964704263
"1138",-328.115389545591
"1139",521.866108000204
"1140",34346.4654763771
"1141",168.248468193772
"1142",359.160076779338
"1143",-67115.2875366597
"1144",22001.1442917309
"1145",239597.647386795
"1146",-768.427791350655
"1147",558.313523519964
"1148",111.584950873638
"1149",943.613861540556
"1150",338.171258544656
"1151",331.731305267544
"1152",610.213277476765
"1153",331.732447367764
"1154",331.739299283295
"1155",12478.4831198817
"1156",331.74126740066
"1157",669.138382908512
"1158",111.592191312158
"1159",338.185160256769
"1160",338.186318723225
"1161",-15322.8979911488
"1162",836.843902734811
"1163",338.194428254993
"1164",111.597404652697
"1165",777.7956341527
"1166",331.756230069346
"1167",884.69823367661
"1168",3592.33979272423
"1169",2787.05502875087
"1170",338.199062566857
"1171",-2508.43154489379
"1172",-24408.0425568604
"1173",31363.0666521485
"1174",7111.31151291589
"1175",111.594797930854
"1176",331.749377282641
"1177",1094.84380997453
"1178",1094.84380997453
"1179",111.595956831503
"1180",331.751662557762
"1181",836.843902734811
"1182",-3728.85478358464
"1183",111.599721959168
"1184",-6318.42402672061
"1185",-24230.1795590223
"1186",-80223.4167863783
"1187",-20689.4271040886
"1188",111.600590895256
"1189",338.200221072341
"1190",111.600011235153
"1191",6504.2521292102
"1192",-976.428080873356
"1193",-8910.21104689663
"1194",-15702.4136008229
"1195",-8824.8997031112
"1196",-519.375105360776
"1197",33067.3516513031
"1198",-2532.41939283666
"1199",55971.1193757295
"1200",-33628.8044132301
"1201",41191.7036946723
"1202",-17357.1776394417
"1203",-3364.42605402349
"1204",4215.46949098701
"1205",338.18284323918
"1206",331.743782614318
"1207",3657.82056335028
"1208",1174.73262769748
"1209",1081.97389086424
"1210",-348.42750144603
"1211",2303.21455923636
"1212",-108046.827582993
"1213",-6059.079318576
"1214",-1797.85712176446
"1215",47049.2348385479
"1216",26613.0774361063
"1217",3573.08297054343
"1218",12305.8671833678
"1219",9299.01977727732
"1220",4310.53920277802
"1221",-0.871358084877364
"1222",29293.8964704263
"1223",-328.115389545591
"1224",521.866108000204
"1225",34346.4654763771
"1226",168.248468193772
"1227",359.160076779338
"1228",-67115.2875366597
"1229",22001.1442917309
"1230",239597.647386795
"1231",-768.427791350655
"1232",558.313523519964
"1233",111.584950873638
"1234",943.613861540556
"1235",338.171258544656
"1236",331.731305267544
"1237",610.213277476765
"1238",331.732447367764
"1239",331.739299283295
"1240",12478.4831198817
"1241",331.74126740066
"1242",669.138382908512
"1243",111.592191312158
"1244",338.185160256769
"1245",338.186318723225
"1246",-15322.8979911488
"1247",836.843902734811
"1248",338.194428254993
"1249",111.597404652697
"1250",777.7956341527
"1251",331.756230069346
"1252",884.69823367661
"1253",3592.33979272423
"1254",2787.05502875087
"1255",338.199062566857
"1256",-2508.43154489379
"1257",-24408.0425568604
"1258",31363.0666521485
"1259",7111.31151291589
"1260",111.594797930854
"1261",331.749377282641
"1262",1094.84380997453
"1263",1094.84380997453
"1264",111.595956831503
"1265",331.751662557762
"1266",836.843902734811
"1267",-3728.85478358464
"1268",111.599721959168
"1269",-6318.42402672061
"1270",-24230.1795590223
"1271",-80223.4167863783
"1272",-20689.4271040886
"1273",111.600590895256
"1274",338.200221072341
"1275",111.600011235153
"1276",6504.2521292102
"1277",-976.428080873356
"1278",-8910.21104689663
"1279",-15702.4136008229
"1280",-8824.8997031112
"1281",-519.375105360776
"1282",33067.3516513031
"1283",-2532.41939283666
"1284",55971.1193757295
"1285",-33628.8044132301
"1286",41191.7036946723
"1287",-17357.1776394417
"1288",-3364.42605402349
"1289",4215.46949098701
"1290",338.18284323918
"1291",331.743782614318
"1292",3657.82056335028
"1293",1174.73262769748
"1294",1081.97389086424
"1295",-348.42750144603
"1296",2303.21455923636
"1297",-108046.827582993
"1298",-6059.079318576
"1299",-1797.85712176446
"1300",47049.2348385479
"1301",26613.0774361063
"1302",3573.08297054343
"1303",12305.8671833678
"1304",9299.01977727732
"1305",4310.53920277802
"1306",-0.871358084877364
"1307",29293.8964704263
"1308",-328.115389545591
"1309",521.866108000204
"1310",34346.4654763771
"1311",168.248468193772
"1312",359.160076779338
"1313",-67115.2875366597
"1314",22001.1442917309
"1315",239597.647386795
"1316",-768.427791350655
"1317",558.313523519964
"1318",111.584950873638
"1319",943.613861540556
"1320",338.171258544656
"1321",331.731305267544
"1322",610.213277476765
"1323",331.732447367764
"1324",331.739299283295
"1325",12478.4831198817
"1326",331.74126740066
"1327",669.138382908512
"1328",111.592191312158
"1329",338.185160256769
"1330",338.186318723225
"1331",-15322.8979911488
"1332",836.843902734811
"1333",338.194428254993
"1334",111.597404652697
"1335",777.7956341527
"1336",331.756230069346
"1337",884.69823367661
"1338",3592.33979272423
"1339",2787.05502875087
"1340",338.199062566857
"1341",-2508.43154489379
"1342",-24408.0425568604
"1343",31363.0666521485
"1344",7111.31151291589
"1345",111.594797930854
"1346",331.749377282641
"1347",1094.84380997453
"1348",1094.84380997453
"1349",111.595956831503
"1350",331.751662557762
"1351",836.843902734811
"1352",-3728.85478358464
"1353",111.599721959168
"1354",-6318.42402672061
"1355",-24230.1795590223
"1356",-80223.4167863783
"1357",-20689.4271040886
"1358",111.600590895256
"1359",338.200221072341
"1360",111.600011235153
