"","X.1","Site","Year","Dur","Freq","Flash","per.ept","taxa.rich","IBI","Barren_Pct","Imp_Pct","X","ml13","ml14","ml15","ml16","ml17","ml18","fl1","fl2","fl3","dl1","dl5","dl15","STATION","INSTR_COVER","EPI_SUBSTR","EMBEDD","CH_ALTER","SED_DEPOSIT","RIFFLE_FREQ","CHAN_FLOW","LB_BANKVEG","RB_BANKVEG","LB_BANKSTAB","RB_BANKSTAB","LB_BUFFER","RB_BUFFER","Month","MON_TYPE","DISOXY","X._SAT","PH","CONDUCT","AIRTEMP","H2OTEMP_C","COMMENTS","MonitoringTime","totalrainfall","rainfall_over1inch","rainfall_days","percentile_90th","av_consec_rainday","av_consec_dryday","rainfall_per_rainday","year","site","lulc_70","lulc_40","lulc_30","lulc_20","site_name","area_whole_basin","total_area_20","total_area_30","total_area_40","total_area_70","percent_of_all_70","percent_of_all_30","percent_of_all_40","percent_of_all_20","percent_70_whole_basin","percent_40_whole_basin","percent_30_whole_basin","percent_20_whole_basin"
"1",1,"CB",1998,NA,NA,NA,84.2364532,23,36,0.001,0.02,NA,NA,NA,NA,NA,NA,NA,NA,NA,NA,NA,NA,NA,"LSCB201",12,14,13,19,12,17,11,6,6,6,6,10,10,4,"BIB",10.54,"103",7.5,130,25,15.2,"NULL","NULL",1147.7,11,162,9.08000000000001,2.7,3.4406779661017,7.08456790123457,NA,NA,NA,NA,NA,NA,NA,NA,NA,NA,NA,NA,NA,NA,NA,NA,NA,NA,NA,NA
"2",2,"CB",1999,NA,NA,NA,NA,NA,NA,0.001,0.02075,NA,NA,NA,NA,NA,NA,NA,NA,NA,NA,NA,NA,NA,NA,NA,NA,NA,NA,NA,NA,NA,NA,NA,NA,NA,NA,NA,NA,NA,NA,NA,NA,NA,NA,NA,NA,NA,852,3,146,8.54000000000001,2.47457627118644,3.71186440677966,5.83561643835616,NA,NA,NA,NA,NA,NA,NA,NA,NA,NA,NA,NA,NA,NA,NA,NA,NA,NA,NA,NA
"3",3,"CB",2000,NA,NA,NA,NA,NA,NA,0.001,0.0215,NA,NA,NA,NA,NA,NA,NA,NA,NA,NA,NA,NA,NA,"LSCB201",10,17,13,18,14,17,12,7,7,5,6,10,10,5,"BIB",10.34,"91",8.22,118,18,9.9,"NULL","NULL",1077.3,9,116,10.65,1.96610169491525,4.16666666666667,9.28706896551724,NA,NA,NA,NA,NA,NA,NA,NA,NA,NA,NA,NA,NA,NA,NA,NA,NA,NA,NA,NA
"4",4,"CB",2001,NA,NA,NA,NA,NA,NA,0.001,0.02225,NA,NA,NA,NA,NA,NA,NA,NA,NA,NA,NA,NA,NA,NA,NA,NA,NA,NA,NA,NA,NA,NA,NA,NA,NA,NA,NA,NA,NA,NA,NA,NA,NA,NA,NA,NA,NA,938.7,6,131,7.44000000000001,2.11290322580645,3.71428571428571,7.16564885496183,NA,NA,NA,NA,NA,NA,NA,NA,NA,NA,NA,NA,NA,NA,NA,NA,NA,NA,NA,NA
"5",5,"CB",2002,NA,NA,NA,47.32142857,23,32,0.001,0.023,NA,NA,NA,NA,NA,NA,NA,NA,NA,NA,NA,NA,NA,"LSCB201",12,13,16,17,15,14,11,5,5,5,5,10,10,4,"BIB",NA,"NULL",6.67,137,NA,17,"NULL","NULL",858.5,6,120,6.68000000000001,2.03389830508475,4.08333333333333,7.15416666666667,NA,NA,NA,NA,NA,NA,NA,NA,NA,NA,NA,NA,NA,NA,NA,NA,NA,NA,NA,NA
"6",6,"CB",2003,NA,NA,NA,49.13793103,19,30,0.0015,0.023,NA,NA,NA,NA,NA,NA,NA,NA,NA,NA,NA,NA,NA,"LSCB201",17,16,17,18,15,18,15,8,8,8,8,10,10,4,"BIB",NA,"NULL",NA,NA,21,NA,"NULL","NULL",1183,12,146,9.96000000000001,2.08571428571429,3.17391304347826,8.1027397260274,NA,NA,NA,NA,NA,NA,NA,NA,NA,NA,NA,NA,NA,NA,NA,NA,NA,NA,NA,NA
"7",7,"CB",2004,NA,NA,NA,72.78481013,22,32,0.002,0.023,NA,NA,NA,NA,NA,NA,NA,NA,NA,NA,NA,NA,NA,"LSCB201",11,19,18,19,13,17,9,4,5,4,5,10,10,4,"BIB",9.39,"98",6.94,151,24,17.6,"NULL","NULL",1568.8,17,161,16.2,2.59677419354839,3.30645161290323,9.74409937888199,NA,NA,NA,NA,NA,NA,NA,NA,NA,NA,NA,NA,NA,NA,NA,NA,NA,NA,NA,NA
"8",8,"CB",2005,0.201877934,9.210526316,0.434521547,50,25,32,0.001,0.024,35,42.116,0.241,0.171,0.241,0.186,NA,9,NA,0,0.2,NA,0.47,"LSCB201",11,14,13,17,10,17,14,6,7,4,5,10,10,3,"BIB",10.99,"93",6.87,173,10,7.6,"NULL","13:45",1175.6,11,165,9.92000000000001,2.5,3.07692307692308,7.12484848484848,NA,NA,NA,NA,NA,NA,NA,NA,NA,NA,NA,NA,NA,NA,NA,NA,NA,NA,NA,NA
"9",9,"CB",2006,0.142465753,12.33333333,0.418245548,25.22522523,27,32,0,0.025,36,56.775,0.372,0.196,0.372,0.238,NA,17,NA,0,0.16,NA,0.526,"LSCB201",12,13,12,18,9,17,14,6,7,4,6,9,10,3,"BIB",10.19,"92",6.93,169,17,10.2,"NULL","13:50",961.1,8,126,8.66,2.0655737704918,3.91803278688525,7.62777777777778,NA,NA,NA,NA,NA,NA,NA,NA,NA,NA,NA,NA,NA,NA,NA,NA,NA,NA,NA,NA
"10",10,"CB",2007,0.090410959,19.05555556,0.440212637,32.24489796,29,32,0.002,0.0255,37,60.425,0.083,0.074,0.083,0.093,NA,7,NA,0,0.05,NA,0.277,"LSCB201",9,13,9,18,9,16,14,5,7,4,7,9,10,3,"BIB",11.68,"92",6.87,190,9,6.3,"NULL","10:00",1190.2,13,139,9.58000000000001,2.04411764705882,3.27536231884058,8.56258992805755,NA,NA,NA,NA,NA,NA,NA,NA,NA,NA,NA,NA,NA,NA,NA,NA,NA,NA,NA,NA
"11",11,"CB",2008,0.030054645,46.875,0.225696141,72.85714286,11,26,0.004,0.026,38,60.354,0.156,0.115,0.156,0.115,NA,11,NA,0,0.05,NA,0.356,"LSCB201",11,17,7,19,8,17,11,8,8,4,4,10,10,4,"BIB",9.7,"88",6.71,114,13,12,"NULL","12:30",822.8,5,145,6.55,2.07142857142857,3.15714285714286,5.67448275862069,NA,NA,NA,NA,NA,NA,NA,NA,NA,NA,NA,NA,NA,NA,NA,NA,NA,NA,NA,NA
"12",12,"CB",2009,0.071232877,23.2,0.372038724,77.72277228,26,34,0.0025,0.026,39,57.763,0.3,0.201,0.3,0.208,NA,13,NA,0,0.12,NA,0.415,"LSCB201",10,10,6,18,5,17,8,3,5,1,4,10,9,4,"BIB",10.07,"88",7.58,190,7,9.3,"NULL","10:15",973.4,5,136,8.12,2.02985074626866,3.41791044776119,7.15735294117647,NA,NA,NA,NA,NA,NA,NA,NA,NA,NA,NA,NA,NA,NA,NA,NA,NA,NA,NA,NA
"13",13,"CB",2010,0.134246575,14.33333333,0.408172407,79.7979798,27,38,0.001,0.026,40,80.243,0.066,0.053,0.066,0.065,NA,12,NA,0,0.05,NA,0.171,"LSCB201",7,15,10,17,12,16,9,5,6,3,5,10,9,4,"BIB",10.08,"93",7.97,178,24,12.2,"NULL","10:55",1262.4,11,147,12.46,2.19402985074627,3.25373134328358,8.58775510204082,NA,NA,NA,NA,NA,NA,NA,NA,NA,NA,NA,NA,NA,NA,NA,NA,NA,NA,NA,NA
"14",14,"CB",2011,0.076712329,19.83333333,0.445952649,54.23728814,37,36,0.002,0.014,41,71.302,0.297,0.121,0.297,0.137,NA,13,NA,0,0.11,NA,0.541,"LSCB201",12,16,10,19,8,18,10,6,5,4,5,10,9,3,"BIB",11.3,"93",7.76,197,12,6.8,"NULL","11:55",1048.1,8,116,9.22,1.87096774193548,3.95238095238095,9.03534482758621,NA,NA,NA,NA,NA,NA,NA,NA,NA,NA,NA,NA,NA,NA,NA,NA,NA,NA,NA,NA
"15",15,"CB",2012,0.06284153,21.35714286,0.595682856,9.090909091,15,18,0.0665,0.014,42,56.042,0.184,0.162,0.184,0.176,NA,8,NA,0,0.15,NA,0.294,"LSCB201",7,14,12,18,10,17,8,4,6,3,6,10,8,3,"BIB",10.53,"92",8.11,150,17,9.9,"NULL","12:45",1146.6,8,143,9.55,2.01408450704225,3.14084507042254,8.01818181818182,NA,NA,NA,NA,NA,NA,NA,NA,NA,NA,NA,NA,NA,NA,NA,NA,NA,NA,NA,NA
"16",16,"CB",2013,0.068493151,31,0.507931911,55.97484277,35,34,0.131,0.014,43,40.659,0.257,0.162,0.257,0.172,NA,7,NA,0,0.19,NA,0.324,"LSCB201",9,11,12,18,8,15,9,5,6,4,6,9,9,3,"BIB",12.7,"108",6.5,151,7,8.5,"NULL","NULL",1056.7,8,125,8.7,1.78571428571429,3.42857142857143,8.4536,NA,NA,NA,NA,NA,NA,NA,NA,NA,NA,NA,NA,NA,NA,NA,NA,NA,NA,NA,NA
"17",17,"CB",2014,0.126027397,17.5,0.590956655,40.15748031,28,34,0.1525,0.031,44,51.184,0.183,0.127,0.183,0.232,NA,10,NA,0,0.19,NA,0.404,"LSCB201",5,10,5,16,4,14,13,4,4,2,7,10,10,3,"BIB",13.19,"97",8.27,192,-2,3.2,"NULL","1018",1304.6,15,139,12.18,1.98571428571429,3.22857142857143,9.38561151079137,NA,NA,NA,NA,NA,NA,NA,NA,NA,NA,NA,NA,NA,NA,NA,NA,NA,NA,NA,NA
"18",18,"CB",2015,0.079452055,21.3125,0.450317927,47.65625,33,34,0.174,0.048,45,48.284,0.194,0.156,0.194,0.19,NA,11,NA,0,0.12,NA,0.339,"LSCB201",7,9,4,16,4,17,9,2,2,2,3,9,9,3,"BIB",14.19,"105",6.43,177,3,3.3,"NULL","1032",1120.3,6,128,11.54,1.80281690140845,3.33802816901408,8.75234375,NA,NA,NA,NA,NA,NA,NA,NA,NA,NA,NA,NA,NA,NA,NA,NA,NA,NA,NA,NA
"19",19,"CB",2016,0.084699454,21.125,0.408635089,24.40944882,48,32,0.2115,0.082,46,39.906,0.4,0.278,0.4,0.295,NA,12,NA,0,0.3,NA,0.507,"LSCB201",5,6,7,16,5,11,7,2,5,2,4,10,10,3,"BIB",10.49,"90",7.7,155,19,10.8,NA,"1335",1135.6,11,133,9.6,2.01515151515152,3.53030303030303,8.53834586466165,NA,NA,NA,NA,NA,NA,NA,NA,NA,NA,NA,NA,NA,NA,NA,NA,NA,NA,NA,NA
"20",20,"CB",2017,0.090410959,20.52941176,0.462705531,11.18421053,50,28,0.249,0.116,47,38.223,0.306,0.229,0.306,0.258,NA,14,NA,0,0.15,NA,0.531,"LSCB201",8,9,10,16,8,15,11,2,3,2,5,9,9,3,"BIB",8.37,"76",8.1,240,14,11.8,NA,"14:30",998.5,12,123,6.76,1.83582089552239,3.61194029850746,8.11788617886179,2017,"cb",0,0,15535.7204064538,27399.8937454775,"cb",22228468.0217231,3399814.11919142,6289073.98141063,8208790.38485309,4330789.53626796,0,0.247027153001771,0,0.805923288300068,0,0,0.0698910981686695,0.123264876907849
"21",21,"CB",2018,0.095890411,18.5,0.432274092,43.47826087,40,36,0.20015,0.14885,48,40.366,0.296,0.135,0.296,0.14,NA,9,NA,0,0.21,NA,0.451,"LSCB201",7,6,6,17,6,16,7,2,4,2,4,10,10,3,"BIB",13.44,"103",7.36,263,4,3.9,NA,"1257",998.5,8,122,9.86,1.90625,3.796875,8.1844262295082,2018,"cb",0,0,0,42935.6141519271,"cb",22228468.0217195,7935511.20043681,3753136.65193971,8442458.43814976,2097361.73119321,0,0,0,0.541056688944799,0,0,0,0.193155975076531
"22",22,"CB",2019,0.21369863,9.529411765,0.688934463,5.982905983,31,18,0.1513,0.1817,49,31.652,0.217,0.143,0.217,0.16,NA,11,NA,0,0.34,NA,0.488,"LSCB201",6,11,12,16,7,17,11,4,4,5,4,10,10,3,"BIB",10.47,"88",6.83,271,12,7.3,NA,"10:00",1767.2,16,149,16.08,2.328125,3.375,11.8604026845638,2019,"cb",13.0392515863059,0,1958.2065729216,48464.1393569627,"cb",22228468.021715,6919133.14917607,3532228.50683463,7643410.75315109,4133695.61255317,0.00031543811660221,0.0554382755569918,0,0.700436576549099,5.86601450606846e-05,0,0.00880945358451436,0.218027348126817
"23",23,"CB",2020,0.158469945,10.65625,0.683489028,30.9352518,33,24,0.10245,0.21455,50,29.487,0.312,0.214,0.312,0.23,NA,14,NA,0,0.24,NA,0.529,"LSCB201",6,8,12,18,9,15,8,4,5,2,5,10,9,3,"BIB",10.22,"87",8.22,247,12,8.4,NA,"10:30",1249.2,11,134,11.6,1.97058823529412,3.41176470588235,9.32238805970149,NA,NA,NA,NA,NA,NA,NA,NA,NA,NA,NA,NA,NA,NA,NA,NA,NA,NA,NA,NA
"24",24,"CB",2021,0.156164384,13.08333333,0.386000351,74.04580153,25,36,0.0536,0.2474,51,40.067,0.33,0.236,0.33,0.264,NA,15,NA,0,0.29,NA,0.523,"LSCB201",6,10,14,17,7,16,9,3,4,2,4,10,10,3,"BIB",12.13,"99",7.83,370,7,6.7,NA,"10:13",1128.4,12,127,11.1,1.8955223880597,3.55223880597015,8.88503937007874,NA,NA,NA,NA,NA,NA,NA,NA,NA,NA,NA,NA,NA,NA,NA,NA,NA,NA,NA,NA
"25",25,"CR",2002,NA,NA,NA,NA,NA,NA,NA,NA,NA,NA,NA,NA,NA,NA,NA,NA,NA,NA,NA,NA,NA,NA,NA,NA,NA,NA,NA,NA,NA,NA,NA,NA,NA,NA,NA,NA,NA,NA,NA,NA,NA,NA,NA,NA,NA,878.8,6,121,7.06,2.01666666666667,4,7.26280991735537,NA,NA,NA,NA,NA,NA,NA,NA,NA,NA,NA,NA,NA,NA,NA,NA,NA,NA,NA,NA
"26",26,"CR",2003,NA,NA,NA,NA,NA,NA,NA,NA,NA,NA,NA,NA,NA,NA,NA,NA,NA,NA,NA,NA,NA,NA,NA,NA,NA,NA,NA,NA,NA,NA,NA,NA,NA,NA,NA,NA,NA,NA,NA,NA,NA,NA,NA,NA,NA,1212,13,150,10.62,2.17391304347826,3.16176470588235,8.08,NA,NA,NA,NA,NA,NA,NA,NA,NA,NA,NA,NA,NA,NA,NA,NA,NA,NA,NA,NA
"27",27,"CR",2004,NA,NA,NA,1.01010101,16,14,0.032,0.377,NA,NA,NA,NA,NA,NA,NA,NA,NA,NA,NA,NA,NA,"LSCR202",13,19,18,17,16,19,18,4,6,4,6,5,5,4,"BIB",9.49,"99",7.11,532,25,17.5,"NULL","12:50",1612,17,162,16.7,2.57142857142857,3.23809523809524,9.95061728395062,NA,NA,NA,NA,NA,NA,NA,NA,NA,NA,NA,NA,NA,NA,NA,NA,NA,NA,NA,NA
"28",28,"CR",2005,0.145539906,10.52941176,0.712136653,15.53398058,18,16,0.0325,0.3805,69,20.944,0.385,0.243,0.385,0.267,NA,18,NA,0,0.47,NA,0.636,"LSCR202",13,18,14,17,9,19,16,5,7,3,6,3,7,3,"BIB",10.82,"93",7,648,10,8.7,"NULL","15:30",1192.7,11,161,10.36,2.43939393939394,3.13846153846154,7.40807453416149,NA,NA,NA,NA,NA,NA,NA,NA,NA,NA,NA,NA,NA,NA,NA,NA,NA,NA,NA,NA
"29",29,"CR",2006,0.161643836,10.34375,0.575995051,19.35483871,18,16,0.033,0.384,70,22.336,0.444,0.212,0.444,0.225,NA,18,NA,0,0.44,NA,0.646,"LSCR202",10,13,9,18,12,17,17,6,7,4,6,4,8,3,"BIB",11.86,"96",7.78,547,14,6.5,"NULL","10:50",976.2,8,126,9.22000000000003,2.03225806451613,3.85483870967742,7.74761904761905,NA,NA,NA,NA,NA,NA,NA,NA,NA,NA,NA,NA,NA,NA,NA,NA,NA,NA,NA,NA
"30",30,"CR",2007,0.2,10.5,0.718855773,42.45283019,18,24,0.0325,0.3885,71,36.002,0.282,0.16,0.282,0.162,NA,12,NA,0,0.31,NA,0.545,"LSCR202",12,16,7,17,11,17,17,5,7,4,8,4,7,3,"BIB",11.73,"98",6.99,856,5,8.4,"High conductivity!","14:30",1211.3,13,141,9.8,2.07352941176471,3.2463768115942,8.59078014184397,NA,NA,NA,NA,NA,NA,NA,NA,NA,NA,NA,NA,NA,NA,NA,NA,NA,NA,NA,NA
"31",31,"CR",2008,0.131147541,13.65384615,0.506568597,NA,NA,NA,0.032,0.393,72,38.197,0.348,0.164,0.348,0.164,NA,13,NA,0,0.31,NA,0.483,"LSCR202",11,17,12,18,11,16,13,5,6,4,8,5,8,3,"BIB",11.31,"102",7,664,13,10.1,"NULL","10:50",857,5,146,6.85,2.08571428571429,3.14285714285714,5.86986301369863,NA,NA,NA,NA,NA,NA,NA,NA,NA,NA,NA,NA,NA,NA,NA,NA,NA,NA,NA,NA
"32",32,"CR",2009,0.147945205,11.51724138,0.666515903,32.11009174,12,14,0.032,0.3915,73,23.321,0.453,0.243,0.453,0.256,NA,18,NA,0,0.39,NA,0.674,"LSCR202",14,16,17,17,15,18,15,5,6,5,7,6,8,3,"BIB",12.85,"112",7.72,808,21,11.6,"Algae in stream.","13:10",999.4,5,138,8.26,2,3.28985507246377,7.24202898550725,NA,NA,NA,NA,NA,NA,NA,NA,NA,NA,NA,NA,NA,NA,NA,NA,NA,NA,NA,NA
"33",33,"CR",2010,0.22739726,9.696969697,0.581054323,42,18,18,0.032,0.39,74,42.3,0.255,0.167,0.255,0.181,NA,15,NA,0,0.39,NA,0.409,"LSCR202",9,17,11,17,12,18,15,5,7,4,7,5,7,4,"BIB",8.66,"87",7.35,740,23,15.4,"NULL","11:40",1306.6,11,149,12.96,2.25757575757576,3.27272727272727,8.76912751677852,2010,"cr",247871.232864078,78900.6542302517,7304.16746124529,1041564.09739294,"cr",33453008.3604084,17626939.1933139,309435.569815174,5815707.25948186,9700926.33779755,2.55512952302608,2.36048087994799,1.35668201148902,5.90893340000865,0.740953489723912,0.235855183426883,0.0218341124437997,3.11351399602563
"34",34,"CR",2011,0.164383562,9.5,0.647363446,53.55805243,20,18,0.034,0.405,75,24.636,0.453,0.222,0.453,0.248,NA,15,NA,0,0.62,NA,0.635,"LSCR202",12,17,10,17,12,19,15,5,7,4,7,7,9,3,"BIB",11.54,"110",7.35,714,14,12.5,"NULL","13:13",1099.2,9,118,9.72,1.87301587301587,3.859375,9.31525423728814,2011,"cr",222538.261395563,56122.0604111978,340538.970194874,756440.859946539,"cr",33453008.3604014,13173966.5659715,7697050.44142993,4476221.82918962,8105769.52381032,2.74543040906687,4.42427879076767,1.25378192933209,5.74193699489442,0.6652264543687,0.167763866874317,1.0179621710733,2.26120428930375
"35",35,"CR",2012,0.174863388,11.60714286,0.679432252,37.05882353,21,18,0.0235,0.397,76,23.681,0.598,0.412,0.598,0.424,NA,14,NA,0,0.79,NA,0.697,"LSCR202",9,14,9,17,13,18,14,4,7,4,8,4,8,3,"BIB",10.93,"108",7.1,475,16,14.8,"NULL","14:45",1170.6,8,141,9.8,2.01428571428571,3.21428571428571,8.30212765957447,2012,"cr",300902.742837343,33086.6980021344,30687.9842806374,1010962.72682831,"cr",33453008.3604126,18104002.8390317,1149629.16943346,3427973.34303513,10771403.0089123,2.79353341981889,2.66938114450945,0.965197062263017,5.58419447796762,0.899478873754814,0.0989050002489113,0.0917346026103671,3.02203830500535
"36",36,"CR",2013,0.147945205,10.96774194,0.697616755,41.78082192,21,20,0.013,0.389,77,22.461,0.538,0.246,0.538,0.278,NA,17,NA,0,0.64,NA,0.748,"LSCR202",12,15,14,17,10,16,10,3,5,3,6,7,8,4,"BIB",12.33,"115",7.59,1047,13,11.7,"NULL","14:05",1103.3,10,128,9.16,1.82857142857143,3.43478260869565,8.61953125,2013,"cr",238907.140924709,41928.358959329,5415.70867811834,1274749.0092058,"cr",33453008.3604115,20047715.6529021,539246.078970283,3696525.44242672,9169521.18611238,2.60544837702697,1.00431118358058,1.13426404369081,6.35857486846023,0.714157418522136,0.125335092460465,0.016189003451562,3.81056613943978
"37",37,"CR",2014,0.18630137,10.3030303,0.64648744,25.42372881,15,12,0.011,0.41,78,55.867,0.256,0.15,0.256,0.226,NA,17,NA,0,0.42,NA,0.485,"LSCR202",13,18,13,17,15,15,12,3,5,3,6,7,8,3,"BIB",12.92,"109",7.93,1145,4,8.5,NA,"1441",1355,17,138,11.66,2,3.28985507246377,9.81884057971014,2014,"cr",148821.159164862,152942.261418687,163890.325022552,1120047.17856998,"cr",33453008.3604129,17511850.8634119,4823055.24682079,5795580.11256099,5322522.1376192,2.79606463471528,3.39806028824952,2.63894654975451,6.39593831232387,0.444866295914276,0.457185374095304,0.489912067867995,3.34812094177875
"38",38,"CR",2015,0.183561644,9.727272727,0.606759448,50.47619048,21,18,0.009,0.431,79,33.925,0.291,0.205,0.291,0.232,NA,16,NA,0,0.41,NA,0.411,"LSCR202",11,15,12,18,8,19,13,2,3,1,5,6,6,3,"BIB",NA,"NULL",NA,NA,3,4.4,"No Hydrolab","745",1140.2,7,129,10.54,1.79166666666667,3.27777777777778,8.83875968992248,2015,"cr",327889.123177299,52306.7691642756,25765.0374167649,1801097.02601913,"cr",33453008.3604102,19493408.7880068,987871.536956533,3446051.16141181,9525676.87403502,3.44216088277207,2.60813642795527,1.51787558321816,9.23951806277845,0.980148390975018,0.15635893968262,0.0770185961728226,5.38396130660294
"39",39,"CR",2016,0.172131148,10.78125,0.617800908,50,18,18,0.022,0.417,80,36.358,0.274,0.143,0.274,0.191,NA,16,NA,0,0.31,NA,0.504,"LSCR202",13,11,12,16,11,13,11,3,5,2,6,8,8,3,"BIB",14.74,"138",7.49,770,24,12.8,"conductivity failed calibration","13:17",1128.5,12,137,8.85,2.07575757575758,3.46969696969697,8.23722627737226,2016,"cr",342564.782489302,24550.4221728849,91565.0375302207,1748377.71358451,"cr",33453008.3604016,18065267.4272251,2321728.48963235,2441133.92273433,10624878.5208098,3.22417599239707,3.94383055293086,1.00569747297542,9.67811697572565,1.02401786649118,0.0733877859605156,0.273712416365538,5.2263691646162
"40",40,"CR",2017,0.169863014,13.25,0.617412582,38.85350318,24,18,0.035,0.403,81,36.896,0.312,0.169,0.312,0.19,NA,11,NA,0,0.3,NA,0.465,"LSCR202",9,10,14,17,11,18,9,5,6,3,6,6,6,3,"BIB",11.16,"96",7.8,722,11,9.2,NA,"10:52",985.1,12,123,7.12,1.83582089552239,3.61194029850746,8.0089430894309,2017,"cr",253511.272620007,57673.3252055082,210130.707709634,1685742.65024228,"cr",33453008.3604001,16698421.5455834,5236310.38858561,4263903.4997474,7254372.92648359,3.49459939803359,4.01295362795315,1.35259452304502,10.0952215491778,0.757813078838375,0.172401012740543,0.628136953920042,5.03913618793631
"41",41,"CR",2018,0.178082192,10,0.641009427,20.93023256,23,16,0.0358,0.38975,82,35.909,0.323,0.151,0.323,0.17,NA,18,NA,0,0.4,NA,0.5,"LSCR202",12,10,17,16,10,17,12,4,5,4,5,7,8,3,"BIB",13.06,"112",7.28,1021,12,8.5,NA,"1412",1012,9,122,8.86000000000001,1.87692307692308,3.73846153846154,8.29508196721311,2018,"cr",207206.568065637,120016.482275118,5464.28386873983,1874370.62156746,"cr",33453008.3603978,21344670.0807246,1379242.77692388,5829145.8141761,4899949.68857313,4.22874888999066,0.396179988045818,2.05890341571566,8.78144574021839,0.619395917501194,0.358761403405487,0.0163342077037488,5.60299570482387
"42",42,"CR",2019,0.271232877,7.162790698,0.700418612,44.53125,21,18,0.0366,0.3765,83,28.531,0.395,0.216,0.395,0.231,NA,17,NA,0,0.68,NA,0.533,"LSCR202",14,14,7,17,9,19,12,3,5,3,6,6,8,3,"BIB",11.58,"97",6.9,929,7,7.6,NA,"10:36",1760.4,18,148,16.28,2.24242424242424,3.28787878787879,11.8945945945946,2019,"cr",330426.834536171,97138.7666569881,9829.82720811732,1769662.52737595,"cr",33453008.3603996,19582485.1193068,1750562.51847371,5379667.06336928,6740293.65924988,4.90226170016669,0.561523916134558,1.80566502560012,9.03696602649886,0.987734289772628,0.290373785252681,0.0293839857456691,5.28999517266378
"43",43,"CR",2020,0.196721311,7.772727273,0.622334954,34.85714286,32,20,0.0374,0.36325,84,36.862,0.386,0.265,0.386,0.277,NA,17,NA,0,0.64,NA,0.56,"LSCR202",11,10,12,17,14,17,9,5,8,3,6,7,9,3,"BIB",11.67,"101",7.41,568,13,9.5,NA,"10:20",1286.6,12,135,12.35,2.01492537313433,3.44776119402985,9.53037037037037,NA,NA,NA,NA,NA,NA,NA,NA,NA,NA,NA,NA,NA,NA,NA,NA,NA,NA,NA,NA
"44",44,"CR",2021,0.17260274,10.5483871,0.585729499,61.30653266,13,22,0.0382,0.35,85,29.661,0.398,0.251,0.398,0.298,NA,17,NA,0,0.47,NA,0.61,"LSCR202",10,11,13,16,9,18,13,4,6,3,6,6,8,3,"BIB",10.34,"99",7.28,982,16,12.7,NA,"12:08",1140.5,14,127,10.62,1.95384615384615,3.66153846153846,8.98031496062992,NA,NA,NA,NA,NA,NA,NA,NA,NA,NA,NA,NA,NA,NA,NA,NA,NA,NA,NA,NA
"45",45,"SB",1993,NA,NA,NA,62,13,34,NA,NA,NA,NA,NA,NA,NA,NA,NA,NA,NA,NA,NA,NA,NA,NA,NA,NA,NA,NA,NA,NA,NA,NA,NA,NA,NA,NA,NA,NA,NA,NA,NA,NA,NA,NA,NA,NA,NA,1299,10,182,10.44,3.43396226415094,3.38888888888889,7.13736263736264,NA,NA,NA,NA,NA,NA,NA,NA,NA,NA,NA,NA,NA,NA,NA,NA,NA,NA,NA,NA
"46",46,"SB",1995,NA,NA,NA,88.15789474,20,38,NA,NA,NA,NA,NA,NA,NA,NA,NA,NA,NA,NA,NA,NA,NA,NA,NA,NA,NA,NA,NA,NA,NA,NA,NA,NA,NA,NA,NA,NA,NA,NA,NA,NA,NA,NA,NA,NA,NA,954.7,7,167,8.9,2.69354838709677,3.24590163934426,5.71676646706587,NA,NA,NA,NA,NA,NA,NA,NA,NA,NA,NA,NA,NA,NA,NA,NA,NA,NA,NA,NA
"47",47,"SB",1998,NA,NA,NA,37.54512635,22,30,0,0.025,NA,NA,NA,NA,NA,NA,NA,NA,NA,NA,NA,NA,NA,"LBSB201A",19,20,20,7,14,18,20,10,9,10,10,10,10,3,"BIB",10.65,"90",7.53,46,NA,7.8,"NULL","NULL",1165.4,12,159,9.22,2.69491525423729,3.55172413793103,7.32955974842767,NA,NA,NA,NA,NA,NA,NA,NA,NA,NA,NA,NA,NA,NA,NA,NA,NA,NA,NA,NA
"48",48,"SB",1999,NA,NA,NA,67.29323308,18,34,0,0.025,NA,NA,NA,NA,NA,NA,NA,NA,NA,NA,NA,NA,NA,NA,NA,NA,NA,NA,NA,NA,NA,NA,NA,NA,NA,NA,NA,NA,NA,NA,NA,NA,NA,NA,NA,NA,NA,885.5,3,147,8.7,2.53448275862069,3.75862068965517,6.02380952380952,NA,NA,NA,NA,NA,NA,NA,NA,NA,NA,NA,NA,NA,NA,NA,NA,NA,NA,NA,NA
"49",49,"SB",2000,NA,NA,NA,34.74178404,17,28,0,0.025,NA,NA,NA,NA,NA,NA,NA,NA,NA,NA,NA,NA,NA,"LBSB201A",15,15,16,16,15,15,16,6,6,7,7,9,9,3,"BIB",6.03,"51",7.53,102,NA,7.9,"NULL","NULL",1098.8,10,121,10.85,1.98360655737705,3.95161290322581,9.08099173553719,NA,NA,NA,NA,NA,NA,NA,NA,NA,NA,NA,NA,NA,NA,NA,NA,NA,NA,NA,NA
"50",50,"SB",2001,NA,NA,NA,NA,NA,NA,0,0.025,NA,NA,NA,NA,NA,NA,NA,NA,NA,NA,NA,NA,NA,NA,NA,NA,NA,NA,NA,NA,NA,NA,NA,NA,NA,NA,NA,NA,NA,NA,NA,NA,NA,NA,NA,NA,NA,980.4,6,134,8.3,2.19672131147541,3.78688524590164,7.31641791044776,NA,NA,NA,NA,NA,NA,NA,NA,NA,NA,NA,NA,NA,NA,NA,NA,NA,NA,NA,NA
"51",51,"SB",2002,NA,NA,NA,NA,NA,NA,0,0.025,NA,NA,NA,NA,NA,NA,NA,NA,NA,NA,NA,NA,NA,NA,NA,NA,NA,NA,NA,NA,NA,NA,NA,NA,NA,NA,NA,NA,NA,NA,NA,NA,NA,NA,NA,NA,NA,863.5,6,120,7.26,2,4.01639344262295,7.19583333333333,NA,NA,NA,NA,NA,NA,NA,NA,NA,NA,NA,NA,NA,NA,NA,NA,NA,NA,NA,NA
"52",52,"SB",2003,NA,NA,NA,70.52631579,23,38,0,0.025,NA,NA,NA,NA,NA,NA,NA,NA,NA,NA,NA,NA,NA,"LBSB201A",16,17,10,19,11,18,16,5,5,6,8,10,6,3,"BIB",51.2,"103",7.01,112,22,11,"NULL","NULL",1221.6,13,147,10.96,2.1,3.15942028985507,8.31020408163265,NA,NA,NA,NA,NA,NA,NA,NA,NA,NA,NA,NA,NA,NA,NA,NA,NA,NA,NA,NA
"53",53,"SB",2004,NA,NA,NA,79.00552486,30,38,0,0.025,NA,NA,NA,NA,NA,NA,NA,NA,NA,NA,NA,NA,NA,"LBSB201A",17,18,18,18,15,19,13,9,9,8,9,10,10,4,"BIB",8.74,"93",6.96,100,22,14.5,"NULL","10:57",1614.5,14,161,15.65,2.55555555555556,3.25396825396825,10.027950310559,NA,NA,NA,NA,NA,NA,NA,NA,NA,NA,NA,NA,NA,NA,NA,NA,NA,NA,NA,NA
"54",54,"SB",2005,0.159624413,11.35714286,0.540948096,73.22834646,27,38,0,0.025,52,65.739,0.265,0.133,0.265,0.14,NA,5,NA,0,0.18,NA,0.456,"LBSB201A",18,17,13,20,9,17,12,7,8,7,9,8,9,4,"BIB",8.59,"82",6.87,107,25,13.9,"Allocapnia on wing.","13:50",1204.5,10,165,10.42,2.35714285714286,2.89855072463768,7.3,NA,NA,NA,NA,NA,NA,NA,NA,NA,NA,NA,NA,NA,NA,NA,NA,NA,NA,NA,NA
"55",55,"SB",2006,0.123287671,16.65,0.387118579,64.46078431,31,38,0,0.025,53,48.46,0.25,0.192,0.25,0.192,NA,11,NA,0,0.2,NA,0.375,"LBSB201A",15,14,13,18,12,18,14,7,7,6,8,10,8,3,"BIB",10.44,"94",5.8,160,19,10.9,"NUILL","13:45",979.8,7,129,8.74000000000002,2.22413793103448,4.06896551724138,7.5953488372093,NA,NA,NA,NA,NA,NA,NA,NA,NA,NA,NA,NA,NA,NA,NA,NA,NA,NA,NA,NA
"56",56,"SB",2007,0.161643836,12.44444444,0.479559882,70.46979866,22,34,0,0.0255,54,68.887,0.226,0.129,0.226,0.129,NA,6,NA,0,0.21,NA,0.29,"LBSB201A",17,14,14,19,13,18,12,7,8,6,8,10,9,3,"BIB",9.89,"91",6.72,123,20,12.6,"NULL","15:50",1204.3,14,138,10,2.05970149253731,3.33823529411765,8.7268115942029,NA,NA,NA,NA,NA,NA,NA,NA,NA,NA,NA,NA,NA,NA,NA,NA,NA,NA,NA,NA
"57",57,"SB",2008,0.081967213,20.88235294,0.428956513,58.44155844,22,32,0,0.026,55,51.939,0.189,0.09,0.189,0.107,NA,7,NA,0,0.1,NA,0.528,"LBSB201A",15,17,15,19,11,18,14,7,8,6,7,10,8,3,"BIB",10.85,"90",6.67,130,7,7,"pH recorded 3/28/2008","17:40",858.5,5,145,6.7,2.07142857142857,3.20289855072464,5.92068965517241,NA,NA,NA,NA,NA,NA,NA,NA,NA,NA,NA,NA,NA,NA,NA,NA,NA,NA,NA,NA
"58",58,"SB",2009,0.079452055,22.93333333,0.43241966,57.74647887,24,34,0,0.026,56,31.198,0.567,0.333,0.567,0.367,NA,10,NA,0,0.38,NA,0.672,"LBSB201A",17,18,16,19,13,18,13,7,8,7,8,10,8,3,"BIB",12.28,"98",7.68,184,NA,6.5,"NULL","10:50",978.3,6,138,8.74000000000001,2.09090909090909,3.49230769230769,7.08913043478261,NA,NA,NA,NA,NA,NA,NA,NA,NA,NA,NA,NA,NA,NA,NA,NA,NA,NA,NA,NA
"59",59,"SB",2010,0.17260274,15.66666667,0.478120853,64.68085106,29,38,0,0.026,57,73.391,0.284,0.172,0.284,0.183,NA,15,NA,0,0.27,NA,0.333,"LBSB201A",18,16,16,19,10,19,11,6,7,4,6,9,8,4,NA,NA,NA,NA,NA,NA,NA,NA,NA,1325.2,11,152,12.82,2.375,3.328125,8.71842105263158,2010,"sb",697.819252902641,0,0,17933.3599404832,"sb",36455509.7500107,1052714.87753184,39575.1803369466,30727057.0837542,4636162.60838776,0.0150516561183627,0,0,1.70353438744298,0.00191416676844695,0,0,0.0491924542091417
"60",60,"SB",2011,0.126027397,15.54545455,0.572767008,53.33333333,32,36,0.001,0.014,58,54.708,0.426,0.16,0.426,0.163,NA,10,NA,0,0.29,NA,0.559,"LBSB201A",18,17,18,18,10,18,18,8,8,8,8,10,9,4,"BIB",9.03,"93",6.88,112,21,17.1,"NULL","12:15",1079.3,8,122,9.2,1.96774193548387,3.85714285714286,8.84672131147541,2011,"sb",420.327152588987,0,5050.0594959964,13160.7925447915,"sb",36455509.7500051,437291.357964362,2195679.54138707,30403320.1997095,3419218.65094417,0.0122930761527321,0.22999984290996,0,3.00961642737611,0.00115298662800601,0,0.0138526646057821,0.0361009697437838
"61",61,"SB",2012,0.117486339,15.4,0.553800606,64.70588235,34,36,5e-04,0.015,59,48.866,0.356,0.256,0.356,0.271,NA,10,NA,0,0.42,NA,0.432,"LBSB201A",16,15,13,20,10,18,10,7,6,7,8,10,8,3,"BIB",10.4,"97",6.48,137,23,12,"NULL","12:50",1149.9,8,149,9.75,2.09859154929577,3.1,7.71744966442953,2012,"sb",2961.42283663247,0,572.396091151983,15097.3602656203,"sb",36455509.750019,685047.572464109,5561.28028324712,30776582.9552645,4988317.94200709,0.0593671628605316,10.2925236995567,0,2.20384114512154,0.00812338891141394,0,0.00157012230819701,0.0414131097580179
"62",62,"SB",2013,0.104109589,20.72222222,0.550861421,72.16494845,23,34,0,0.016,60,39.272,0.312,0.177,0.312,0.177,NA,5,NA,0,0.35,NA,0.491,"LBSB201A",15,13,13,20,12,18,12,6,4,7,8,10,8,4,"BIB",12.56,"104",7.72,151,10,7.3,"NULL","10:08",1132.9,9,126,9.16,1.72602739726027,3.27397260273973,8.99126984126984,2013,"sb",887.654211184708,0,251.6453992608,17491.8795829453,"sb",36455509.7500116,1314472.9076932,1394683.50670478,29916686.8347401,3829666.50087354,0.0231783684292675,0.0180431903045418,0,1.33071434797711,0.00243489726867535,0,0.000690280840911078,0.0479814428680146
"63",63,"SB",2014,0.178082192,14.43478261,0.543166278,43.8538206,41,34,5e-04,0.0175,61,63.289,0.212,0.134,0.212,0.178,NA,8,NA,0,0.35,NA,0.364,"LBSB201A",7,10,12,18,8,18,12,5,5,4,7,9,5,3,"BIB",NA,"NULL",NA,NA,-2,NA,"Hydrolab not working","1231",1319.2,14,134,10.72,1.91428571428571,3.3,9.84477611940298,2014,"sb",1359.71340346653,0,2750.97414902525,14520.491640891,"sb",36455509.7499974,1124462.30726578,1783931.46476133,30345263.3146833,3201852.66328704,0.0424664575936683,0.154208510997551,0,1.29132755691907,0.00372978848133272,0,0.00754611351724535,0.0398307189790208
"64",64,"SB",2015,0.142465753,12.25925926,0.508444221,40.12738854,30,32,0.001,0.019,62,37.671,0.394,0.251,0.394,0.259,NA,8,NA,0,0.39,NA,0.495,"LBSB201A",9,11,8,19,10,19,10,7,7,6,6,9,5,3,"BIB",11.28,"90",7.15,146,9,6.5,NA,"1530",1112.5,3,135,10.52,1.875,3.19444444444444,8.24074074074074,2015,"sb",5353.0716597913,194.80227307789,1202.56770297521,17487.5951843895,"sb",36455509.7500093,857114.013266323,220959.71718956,30902900.0383068,4474535.98124664,0.11963411809016,0.544247484686783,0.000630368906595872,2.04028809629971,0.0146838480561637,0.0005343561903639,0.00329872688990422,0.0479696904646493
"65",65,"SB",2016,0.133879781,15.81818182,0.421807813,73.85444744,52,38,0.001,0.0185,63,50.15,0.266,0.159,0.266,0.162,NA,8,NA,0,0.29,NA,0.358,"LBSB201A",7,10,13,20,6,17,10,5,4,5,6,10,7,3,"BIB",12.66,"106",6.98,115,20,8.3,"Conductivity did not calibrate","11:30",1143.7,13,134,9.9,2,3.46268656716418,8.53507462686567,2016,"sb",5017.75767296142,0,313.356830843375,18906.9223164501,"sb",36455509.7500064,841794.061035707,75220.3249645919,30524897.845289,5013597.51871708,0.100082977427462,0.416585319181857,0,2.246027050035,0.0137640584574751,0,0.0008595595919306,0.0518630035517383
"66",66,"SB",2017,0.098630137,20.0625,0.452000742,53.62318841,43,36,0.001,0.018,64,35.426,0.451,0.295,0.451,0.35,NA,10,NA,0,0.23,NA,0.686,"LBSB201A",11,10,9,19,6,16,9,4,4,5,7,10,8,3,"BIB",11.29,"102",7.7,196,18,11,NA,"12:00",1029.1,11,126,7.38000000000001,1.85294117647059,3.51470588235294,8.16746031746032,2017,"sb",5312.81461061887,0,895.411876151455,18029.8103335065,"sb",36455509.7499955,941566.945357407,190355.455336883,30754847.2811745,4568740.06812675,0.116286208700798,0.470389395757948,0,1.91487290653163,0.0145734201690035,0,0.00245617708349714,0.0494570243487234
"67",67,"SB",2018,0.071232877,22.11764706,0.333602289,46.76258993,33,32,0.000875,0.01705,65,50.544,0.172,0.095,0.172,0.111,NA,8,NA,0,0.15,NA,0.402,"LBSB201A",12,10,11,19,7,19,10,5,4,5,6,10,8,4,"BIB",12.4,"107",7.09,168,38,8.5,NA,"1227",994.9,6,127,9.98000000000001,1.984375,3.66153846153846,7.83385826771654,2018,"sb",3170.91001573065,186.189651312307,134.327131602913,20746.6100216024,"sb",36455509.7499936,2729038.97992424,37396.3938995639,31130443.1583548,2558631.21781501,0.123929935414393,0.359198087290656,0.000598095087709464,0.76021669804725,0.00869802682084621,0.000510731169552058,0.000368468669137006,0.0569093949416138
"68",68,"SB",2019,0.249315068,8.852941176,0.433880057,44,47,34,0.00075,0.0161,66,52.623,0.115,0.093,0.115,0.097,NA,4,NA,0,0.28,NA,0.208,"LBSB201A",10,8,10,18,7,17,9,7,6,5,7,10,8,6,"BIB",12.73,"103",7.24,119,4,6.1,NA,NA,1854.7,17,150,17.54,2.27272727272727,3.25757575757576,12.3646666666667,2019,"sb",3406.0268498445,15.1886915704235,737.412560154451,20079.4087187059,"sb",36455509.7500174,1573663.64545729,952334.297578166,31229332.5610286,2700179.24595336,0.126140768430428,0.077432112025129,4.86359788213265e-05,1.27596572346761,0.00934296865741364,4.16636378823814e-05,0.00202277396533757,0.0550792153405462
"69",69,"SB",2020,0.12295082,15.43478261,0.42195095,55.12820513,31,36,0.000625,0.01515,67,36.497,0.284,0.194,0.284,0.201,NA,13,NA,0,0.27,NA,0.537,"LBSB201A",8,8,6,19,6,17,8,6,5,6,6,10,5,3,"BIB",11.63,"105",6.87,166,17,10.9,NA,"14:07",1249.7,10,134,13.1,2.03030303030303,3.51515151515152,9.32611940298507,NA,NA,NA,NA,NA,NA,NA,NA,NA,NA,NA,NA,NA,NA,NA,NA,NA,NA,NA,NA
"70",70,"SB",2021,0.142465753,14.40909091,0.377670584,63.45381526,27,34,5e-04,0.0142,68,53.725,0.407,0.243,0.407,0.256,NA,12,NA,0,0.35,NA,0.477,"LBSB201A",9,11,15,19,9,17,9,5,4,5,5,10,8,4,"BIB",10.56,"101",7.76,156,16,13,NA,"9:55",1165.2,13,128,11.86,1.85507246376812,3.43478260869565,9.103125,NA,NA,NA,NA,NA,NA,NA,NA,NA,NA,NA,NA,NA,NA,NA,NA,NA,NA,NA,NA
"71",71,"TR104",1998,NA,NA,NA,85.71428571,22,32,0.004,0.037,NA,NA,NA,NA,NA,NA,NA,NA,NA,NA,NA,NA,NA,"LSLS104",14,14,14,19,13,18,11,7,7,8,7,10,10,4,"BIB",12.56,"107",7.59,128,16,8.9,"NULL","NULL",1177.8,11,163,8.88000000000001,2.71666666666667,3.42372881355932,7.22576687116564,NA,NA,NA,NA,NA,NA,NA,NA,NA,NA,NA,NA,NA,NA,NA,NA,NA,NA,NA,NA
"72",72,"TR104",1999,NA,NA,NA,84.01826484,12,32,0.0035,0.03825,NA,NA,NA,NA,NA,NA,NA,NA,NA,NA,NA,NA,NA,"LSLS104",15,16,15,18,14,17,15,9,9,6,6,10,10,4,"BIB",11.21,"112",7.68,116,21,15.4,"NULL","NULL",909.1,3,153,9.08000000000001,2.63793103448276,3.6551724137931,5.94183006535948,NA,NA,NA,NA,NA,NA,NA,NA,NA,NA,NA,NA,NA,NA,NA,NA,NA,NA,NA,NA
"73",73,"TR104",2000,NA,NA,NA,78,19,34,0.003,0.0395,NA,NA,NA,NA,NA,NA,NA,NA,NA,NA,NA,NA,NA,"LSLS104",14,16,14,18,16,19,14,7,5,7,5,10,10,3,"BIB",13.02,"109",7.3,95,37,9.8,"NULL","NULL",1139.7,10,122,11.3,2,3.93548387096774,9.34180327868853,NA,NA,NA,NA,NA,NA,NA,NA,NA,NA,NA,NA,NA,NA,NA,NA,NA,NA,NA,NA
"74",74,"TR104",2001,NA,NA,NA,57.5,14,30,0.0025,0.04075,NA,NA,NA,NA,NA,NA,NA,NA,NA,NA,NA,NA,NA,NA,NA,NA,NA,NA,NA,NA,NA,NA,NA,NA,NA,NA,NA,NA,NA,NA,NA,NA,NA,NA,NA,NA,NA,1009.5,6,132,8.08000000000001,2.12903225806452,3.6984126984127,7.64772727272727,NA,NA,NA,NA,NA,NA,NA,NA,NA,NA,NA,NA,NA,NA,NA,NA,NA,NA,NA,NA
"75",75,"TR104",2002,NA,NA,NA,55.67010309,17,32,0.002,0.042,NA,NA,NA,NA,NA,NA,NA,NA,NA,NA,NA,NA,NA,"LSLS104",10,11,16,18,17,17,10,5,5,5,5,10,10,4,"BIB",15.78,"NULL",7.13,128,NA,16,"NULL","NULL",890.2,6,124,7.6,2.06666666666667,3.95081967213115,7.17903225806452,NA,NA,NA,NA,NA,NA,NA,NA,NA,NA,NA,NA,NA,NA,NA,NA,NA,NA,NA,NA
"76",76,"TR104",2003,NA,NA,NA,80.74074074,21,32,0.17,0.076,NA,NA,NA,NA,NA,NA,NA,NA,NA,NA,NA,NA,NA,"LSLS104",9,14,14,16,15,16,12,4,4,4,4,8,8,4,"BIB",13.41,"125",7.23,148,NA,13.8,"NULL","NULL",1245.3,13,150,10.56,2.08333333333333,3.02816901408451,8.302,NA,NA,NA,NA,NA,NA,NA,NA,NA,NA,NA,NA,NA,NA,NA,NA,NA,NA,NA,NA
"77",77,"TR104",2004,NA,NA,NA,56.61764706,15,32,0.338,0.11,NA,NA,NA,NA,NA,NA,NA,NA,NA,NA,NA,NA,NA,"LSLS104",11,13,9,18,13,19,14,5,5,6,5,6,8,4,"BIB",11.06,"115",6.73,148,24,17.7,"NULL","NULL",1667.4,18,161,16.85,2.63934426229508,3.36065573770492,10.3565217391304,NA,NA,NA,NA,NA,NA,NA,NA,NA,NA,NA,NA,NA,NA,NA,NA,NA,NA,NA,NA
"78",78,"TR104",2004,NA,NA,NA,56.61764706,15,32,0.338,0.11,NA,NA,NA,NA,NA,NA,NA,NA,NA,NA,NA,NA,NA,"LSLS104",10,14,16,16,16,16,14,5,5,5,5,8,10,3,"BIB",11.06,"115",6.73,148,24,17.7,"NULL","NULL",1667.4,18,161,16.85,2.63934426229508,3.36065573770492,10.3565217391304,NA,NA,NA,NA,NA,NA,NA,NA,NA,NA,NA,NA,NA,NA,NA,NA,NA,NA,NA,NA
"79",79,"TR104",2005,0.103286385,18.33333333,0.609970403,46.34146341,35,30,0.2615,0.1785,1,50.853,0.185,0.113,0.185,0.149,NA,10,NA,0,0.05,NA,0.407,"LSLS104",12,13,13,18,9,17,15,7,6,6,5,9,8,4,"BIB",9.56,"86",6.79,171,22,10.8,"NULL","10:30",1217.1,11,164,10.7,2.41176470588235,3,7.42134146341463,NA,NA,NA,NA,NA,NA,NA,NA,NA,NA,NA,NA,NA,NA,NA,NA,NA,NA,NA,NA
"80",80,"TR104",2006,0.101369863,18.88888889,0.414657062,0.502512563,16,18,0.185,0.247,2,49.595,0.289,0.2,0.289,0.276,NA,9,NA,0,0.11,NA,0.463,"LSLS104",7,16,12,18,9,18,14,5,6,5,5,7,8,3,"BIB",11.8,"100",7.04,183,14,8.4,"A lot of algae and fine sediments.","14:35",986.4,7,128,8.88000000000001,2.06451612903226,3.82258064516129,7.70625,NA,NA,NA,NA,NA,NA,NA,NA,NA,NA,NA,NA,NA,NA,NA,NA,NA,NA,NA,NA
"81",81,"TR104",2007,0.145205479,11.89285714,0.402164559,6.666666667,24,20,0.1385,0.2595,3,66.751,0.121,0.113,0.121,0.115,NA,10,NA,0,0.08,NA,0.258,"LSLS104",9,17,9,17,8,17,13,7,6,7,5,8,6,3,"BIB",11.36,"96",6.53,201,18,8.2,"NULL","10:35",1232.1,14,141,10.42,2.07352941176471,3.2463768115942,8.73829787234042,NA,NA,NA,NA,NA,NA,NA,NA,NA,NA,NA,NA,NA,NA,NA,NA,NA,NA,NA,NA
"82",82,"TR104",2008,0.06010929,28.30769231,0.288205681,14.77832512,22,16,0.092,0.272,4,43.065,0.14,0.101,0.14,0.11,NA,11,NA,0,0.06,NA,0.512,"LSLS104",9,16,10,17,8,17,15,7,6,7,5,8,5,4,"BIB",11.65,"110",7.38,256,16,13.5,"NULL","14:35",884.2,6,144,6.85,2.05714285714286,3.17142857142857,6.14027777777778,NA,NA,NA,NA,NA,NA,NA,NA,NA,NA,NA,NA,NA,NA,NA,NA,NA,NA,NA,NA
"83",83,"TR104",2009,0.084931507,18.26315789,0.389123808,31.91489362,21,28,0.0545,0.2855,5,32.271,0.48,0.376,0.48,0.376,NA,9,NA,0,0.24,NA,0.56,"LSLS104",12,11,6,17,9,17,12,3,4,4,2,8,8,4,"BIB",11.5,"96",7.41,272,13,8,"NULL","9:40",1006.2,6,140,8.86,2.02898550724638,3.26086956521739,7.18714285714286,NA,NA,NA,NA,NA,NA,NA,NA,NA,NA,NA,NA,NA,NA,NA,NA,NA,NA,NA,NA
"84",84,"TR104",2010,0.142465753,13.23076923,0.391704776,19.32773109,23,28,0.017,0.299,6,52.141,0.273,0.209,0.273,0.227,NA,6,NA,0,0.15,NA,0.375,"LSLS104",9,12,7,17,8,17,14,6,5,7,4,6,7,3,NA,NA,NA,NA,NA,NA,NA,NA,NA,1364,12,157,13.04,2.453125,3.25,8.68789808917198,2010,"tr104",287133.34344544,1743.12452324782,21824.231007378,2139841.27861998,"tr104",12447556.8145646,6316280.14070567,245147.182916724,2813527.07662075,3072602.41432145,9.34495599258488,8.90250124342308,0.0619551358766889,33.8781882841079,2.30674459030765,0.0140037482794072,0.175329434783876,17.1908536791429
"85",85,"TR104",2011,0.093150685,19.44444444,0.427671856,34.11214953,27,30,0.014,0.362,7,42.915,0.349,0.173,0.349,0.178,NA,15,NA,0,0.15,NA,0.605,"LSLS104",7,16,10,18,8,18,12,4,4,4,4,6,6,4,"BIB",9.72,"92",7.2,344,12,12,"NULL","12:10",1121.6,9,121,9.14000000000001,1.95161290322581,3.87301587301587,9.2694214876033,2011,"tr104",231374.212311152,74.4356372235342,875615.758908294,1343477.57073993,"tr104",12447556.8145583,3612903.3474791,3375447.86077675,2677871.10226095,2781334.50404153,8.31882004753274,25.9407283129178,0.00277965721205504,37.1855386521021,1.85879217711658,0.000597993954415829,7.0344387412974,10.7931025401598
"86",86,"TR104",2012,0.136612022,13,0.474988102,25,19,24,0.011,0.3455,8,60.764,0.387,0.229,0.387,0.265,NA,12,NA,0,0.18,NA,0.538,"LSLS104",10,12,10,17,8,16,10,5,4,5,3,8,6,3,"BIB",9.64,"92",7.17,298,11,13.1,"NULL","12:35",1204.2,8,144,10.35,2.08695652173913,3.21739130434783,8.3625,2012,"tr104",616776.36171168,10719.158114531,14518.9616886644,2444472.69432892,"tr104",12447556.8145537,5815840.28844528,206521.117927247,2347873.14221371,4077322.26596747,15.1269956476038,7.03025522735119,0.456547584356468,42.0312899442153,4.95499936976021,0.0861145546409408,0.116641055790875,19.6381726209182
"87",87,"TR104",2013,0.104109589,17.15,0.619337607,54.90196078,23,24,0.008,0.329,9,27.068,0.571,0.298,0.571,0.312,NA,11,NA,0,0.28,NA,0.653,"LSLS104",10,10,11,19,9,16,9,4,4,5,4,5,4,4,"BIB",13.01,"107",8.28,391,5,7,"NULL","NULL",1169.4,10,130,9.7,1.85714285714286,3.40579710144928,8.99538461538462,2013,"tr104",482602.493783711,16215.4998522835,30086.6030394321,2560005.03125666,"tr104",12447556.8145621,6351974.36398898,109980.43031283,2324775.63019236,3660826.39006789,13.1828839273299,27.3563241695394,0.697508165591953,40.302508866692,3.87708608985119,0.13027054299775,0.241706894675383,20.5663253391362
"88",88,"TR104",2014,0.112328767,19.61111111,0.502703174,35.26011561,17,26,0.0065,0.3335,10,40.451,0.492,0.312,0.492,0.355,NA,11,NA,0,0.29,NA,0.576,"LSLS104",7,15,8,19,6,17,12,5,4,6,4,9,8,3,"BIB",14.31,"108",7.83,522,0,3.6,NA,"1008",1392.1,16,135,11.9,2.01492537313433,3.43283582089552,10.3118518518519,2014,"tr104",492071.330485665,81531.5120457909,987797.47840676,1576089.80355544,"tr104",12447556.8145709,3780746.75435346,2416978.93328936,3540220.99139843,2709610.1355296,18.1602262271391,40.8690975664578,2.30300628813528,41.6872619606326,3.95315593104708,0.655000119785366,7.93567358736986,12.6618406088374
"89",89,"TR104",2015,0.079452055,15.77272727,0.357898435,28.16091954,21,16,0.005,0.338,11,28.762,0.417,0.311,0.417,0.32,NA,7,NA,0,0.2,NA,0.542,"LSLS104",8,14,8,17,8,16,14,4,3,4,3,8,8,3,"BIB",15.1,"107",6.73,596,-3,3.1,NA,"1440",1132.7,5,128,11.26,1.75342465753425,3.24657534246575,8.84921875,2015,"tr104",458573.383871091,34797.3936609002,174916.30901266,2470410.69143433,"tr104",12447556.8145653,5948502.71692841,829072.896697224,2606510.06347594,3063471.13746375,14.9690779933623,21.0978201928291,1.33501858091796,41.5299581927393,3.68404330827797,0.279551997064859,1.40522603446151,19.8465508391464
"90",90,"TR104",2016,0.106557377,15.95238095,0.417812334,21.26436782,26,26,0.0065,0.3315,12,59.522,0.277,0.172,0.277,0.191,NA,9,NA,0,0.13,NA,0.532,"LSLS104",7,10,13,18,8,15,9,5,3,6,4,8,8,3,"BIB",14.17,"112",8.05,535,9,7.2,"conductivity failed calibration","10:07",1142.5,10,139,9.3,2.07462686567164,3.38805970149254,8.21942446043166,2016,"tr104",564620.408513872,11229.2658184226,161391.094572565,2401457.00907426,"tr104",12447556.8145633,5760120.71254285,428194.892911455,2134995.81862066,4124245.39048832,13.6902719177682,37.6910367788853,0.525961958355375,41.6910882413455,4.53599382533672,0.090212609475979,1.29656845095691,19.2925972931863
"91",91,"TR104",2017,0.071232877,22.125,0.454122697,50.52083333,37,28,0.008,0.325,13,39.973,0.407,0.301,0.407,0.341,NA,5,NA,0,0.11,NA,0.519,"LSLS104",7,10,8,19,8,15,10,5,3,5,3,9,9,3,"BIB",10.31,"90",7.85,534,15,9.9,NA,"13:30",1037.2,11,121,6.96,1.80597014925373,3.64179104477612,8.57190082644628,2017,"tr104",498168.416711516,30886.0602464232,659079.992716717,1950563.30830437,"tr104",12447556.8145602,4988017.49015812,1506426.39634875,2731437.14078473,3221675.78726862,15.4630214089255,43.7512243753949,1.13076225644167,39.10498133082,4.00213812343316,0.248129498073831,5.29485426365579,15.6702502937986
"92",92,"TR104",2018,0.076712329,22.05882353,0.472142807,43.75,30,30,0.01,0.294625,14,63.762,0.324,0.164,0.324,0.168,NA,7,NA,0,0.12,NA,0.432,"LSLS104",12,12,14,18,9,17,12,4,3,5,3,6,6,4,"BIB",11.97,"106",7.32,635,9,9.5,NA,"1440",998,8,124,9,1.87878787878788,3.65151515151515,8.04838709677419,2018,"tr104",315050.547555288,43923.0205388723,21066.3967400991,2758657.8131438,"tr104",12447556.8145564,7502970.11152553,53931.5014375592,3183000.250192,1707654.95140135,18.4493095222046,39.0613948778885,1.37992513623657,36.7675436812169,2.53102317385579,0.352864591768787,0.169241217806403,22.1622431955304
"93",93,"TR104",2019,0.21369863,9.9375,0.487060706,25.82781457,35,18,0.012,0.26425,15,47.914,0.118,0.092,0.118,0.1,NA,8,NA,0,0.1,NA,0.259,"LSLS104",9,10,12,18,8,17,12,4,4,5,4,8,8,3,"BIB",11.08,"96",6.98,540,12,8.3,NA,"1040",1791.1,17,148,16.92,2.27692307692308,3.33846153846154,12.102027027027,2019,"tr104",537714.189631748,43774.0247007199,72880.6325039539,2484934.42795832,"tr104",12447556.8145626,5787290.04834515,168095.48702686,3377855.98969344,3114315.28949712,17.2658879929455,43.3566860080594,1.29591151411676,42.9377896597541,4.31983719891656,0.351667603151712,0.585501505152318,19.9632302545601
"94",94,"TR104",2020,0.12568306,12.20689655,0.579758581,28.27225131,26,22,0.014,0.233875,16,34.102,0.229,0.162,0.229,0.18,NA,13,NA,0,0.11,NA,0.515,"LSLS104",8,10,11,18,6,16,15,5,3,6,4,9,9,3,"BIB",10.77,"92",7.47,483,12,7.8,NA,"12:06",1260.1,10,125,12.65,1.89393939393939,3.65151515151515,10.0808,NA,NA,NA,NA,NA,NA,NA,NA,NA,NA,NA,NA,NA,NA,NA,NA,NA,NA,NA,NA
"95",95,"TR104",2021,0.104109589,12.84615385,0.383904584,51.57232704,19,24,0.016,0.2035,17,49.796,0.318,0.241,0.318,0.241,NA,13,NA,0,0.14,NA,0.409,"LSLS104",7,11,11,17,9,16,9,5,5,5,4,9,9,3,"BIB",12.52,"108",7.66,502,13,8.7,NA,"10:43",1145.7,13,124,10.8,1.90769230769231,3.70769230769231,9.23951612903226,NA,NA,NA,NA,NA,NA,NA,NA,NA,NA,NA,NA,NA,NA,NA,NA,NA,NA,NA,NA
"96",96,"TR109",1998,NA,NA,NA,71.73144876,17,32,0.001,0.024,NA,NA,NA,NA,NA,NA,NA,NA,NA,NA,NA,NA,NA,"LSLS109",16,18,16,18,14,19,14,9,9,6,6,10,6,4,"BIB",11.32,"108",7.26,109,21,13.9,"NULL","NULL",1177.8,11,163,8.88000000000001,2.71666666666667,3.42372881355932,7.22576687116564,NA,NA,NA,NA,NA,NA,NA,NA,NA,NA,NA,NA,NA,NA,NA,NA,NA,NA,NA,NA
"97",97,"TR109",1999,NA,NA,NA,NA,NA,NA,0.00125,0.024,NA,NA,NA,NA,NA,NA,NA,NA,NA,NA,NA,NA,NA,"LSLS109",16,16,14,17,14,16,15,9,9,8,8,10,7,4,"BIB",12.17,"118",7.38,85,21,14,"NULL","NULL",909.1,3,153,9.08000000000001,2.63793103448276,3.6551724137931,5.94183006535948,NA,NA,NA,NA,NA,NA,NA,NA,NA,NA,NA,NA,NA,NA,NA,NA,NA,NA,NA,NA
"98",98,"TR109",2000,NA,NA,NA,NA,NA,NA,0.0015,0.024,NA,NA,NA,NA,NA,NA,NA,NA,NA,NA,NA,NA,NA,"LSLS109",16,15,16,18,16,19,15,8,8,7,7,10,6,3,"BIB",11.23,"103",6.81,83,37,11.3,"NULL","NULL",1139.7,10,122,11.3,2,3.93548387096774,9.34180327868853,NA,NA,NA,NA,NA,NA,NA,NA,NA,NA,NA,NA,NA,NA,NA,NA,NA,NA,NA,NA
"99",99,"TR109",2001,NA,NA,NA,60.34482759,20,32,0.00175,0.024,NA,NA,NA,NA,NA,NA,NA,NA,NA,NA,NA,NA,NA,NA,NA,NA,NA,NA,NA,NA,NA,NA,NA,NA,NA,NA,NA,NA,NA,NA,NA,NA,NA,NA,NA,NA,NA,1009.5,6,132,8.08000000000001,2.12903225806452,3.6984126984127,7.64772727272727,NA,NA,NA,NA,NA,NA,NA,NA,NA,NA,NA,NA,NA,NA,NA,NA,NA,NA,NA,NA
"100",100,"TR109",2002,NA,NA,NA,NA,NA,NA,0.002,0.024,NA,NA,NA,NA,NA,NA,NA,NA,NA,NA,NA,NA,NA,NA,NA,NA,NA,NA,NA,NA,NA,NA,NA,NA,NA,NA,NA,NA,NA,NA,NA,NA,NA,NA,NA,NA,NA,890.2,6,124,7.6,2.06666666666667,3.95081967213115,7.17903225806452,NA,NA,NA,NA,NA,NA,NA,NA,NA,NA,NA,NA,NA,NA,NA,NA,NA,NA,NA,NA
"101",101,"TR109",2003,NA,NA,NA,89.47368421,12,28,0.007,0.0255,NA,NA,NA,NA,NA,NA,NA,NA,NA,NA,NA,NA,NA,"LSLS109",17,16,16,16,16,19,17,8,8,7,7,10,7,4,NA,NA,NA,NA,NA,NA,NA,NA,NA,1245.3,13,150,10.56,2.08333333333333,3.02816901408451,8.302,NA,NA,NA,NA,NA,NA,NA,NA,NA,NA,NA,NA,NA,NA,NA,NA,NA,NA,NA,NA
"102",102,"TR109",2004,NA,NA,NA,56.14035088,20,28,0.012,0.027,NA,NA,NA,NA,NA,NA,NA,NA,NA,NA,NA,NA,NA,"LSLS109",11,14,16,16,9,18,14,5,5,5,5,9,4,4,"BIB",10.19,"98",6.82,129,23,13.7,"NULL","NULL",1667.4,18,161,16.85,2.63934426229508,3.36065573770492,10.3565217391304,NA,NA,NA,NA,NA,NA,NA,NA,NA,NA,NA,NA,NA,NA,NA,NA,NA,NA,NA,NA
"103",103,"TR109",2005,0.098591549,18.1,0.462952056,51.30434783,17,32,0.051,0.033,18,47.878,0.017,0.015,0.017,0.021,NA,5,NA,4,0.005,NA,0.267,"LSLS109",12,17,12,18,8,17,14,7,8,5,7,8,4,3,"BIB",11.64,"96",6.87,126,11,6.6,"NULL","9:50",1217.1,11,164,10.7,2.41176470588235,3,7.42134146341463,NA,NA,NA,NA,NA,NA,NA,NA,NA,NA,NA,NA,NA,NA,NA,NA,NA,NA,NA,NA
"104",104,"TR109",2006,0.084931507,18.21052632,0.287063568,37.07865169,28,32,0.09,0.039,19,65.232,0.029,0.018,0.029,0.147,NA,15,NA,1,0.005,NA,0.353,"LSLS109",10,15,12,16,10,19,14,7,7,4,6,8,4,3,"BIB",11.16,"94",7,119,11,8.3,"NULL","14:10",986.4,7,128,8.88000000000001,2.06451612903226,3.82258064516129,7.70625,NA,NA,NA,NA,NA,NA,NA,NA,NA,NA,NA,NA,NA,NA,NA,NA,NA,NA,NA,NA
"105",105,"TR109",2007,0.131506849,13.91666667,0.625090331,29.41176471,20,28,0.141,0.05,20,69.506,0.02,0.015,0.02,0.015,NA,8,NA,3,0.005,NA,0.12,"LSLS109",15,17,12,18,11,17,14,7,6,6,8,9,4,3,"BIB",12.13,"91",6.47,138,4,3.9,"NULL","11:10",1232.1,14,141,10.42,2.07352941176471,3.2463768115942,8.73829787234042,NA,NA,NA,NA,NA,NA,NA,NA,NA,NA,NA,NA,NA,NA,NA,NA,NA,NA,NA,NA
"106",106,"TR109",2008,0.106557377,15.125,0.502639155,39.2,17,26,0.192,0.061,21,65.496,0.028,0.016,0.028,0.016,NA,10,NA,3,0.005,NA,0.056,"LSLS109",11,15,12,16,12,17,15,7,6,6,8,9,5,3,"BIB",9.55,"86",6.81,163,13,10.4,"NULL","14:55",884.2,6,144,6.85,2.05714285714286,3.17142857142857,6.14027777777778,NA,NA,NA,NA,NA,NA,NA,NA,NA,NA,NA,NA,NA,NA,NA,NA,NA,NA,NA,NA
"107",107,"TR109",2009,0.084931507,19.22222222,0.606790572,60.52631579,19,34,0.2135,0.0725,22,72.038,0.125,0.079,0.125,0.102,NA,22,NA,0,0.02,NA,0.288,"LSLS109",17,15,7,16,10,19,10,8,8,2,5,9,5,4,"BIB",10.23,"95",7.62,162,18,12.6,"NULL","12:50",1006.2,6,140,8.86,2.02898550724638,3.26086956521739,7.18714285714286,NA,NA,NA,NA,NA,NA,NA,NA,NA,NA,NA,NA,NA,NA,NA,NA,NA,NA,NA,NA
"108",108,"TR109",2010,0.175342466,9.5,0.579325107,53.24675325,23,32,0.235,0.084,23,77.938,0.071,0.05,0.071,0.089,NA,9,NA,1,0.02,NA,0.214,"LSLS109",12,14,12,15,13,17,9,5,5,5,5,8,3,5,"BIB",8.64,"94",6.06,167,22,19.4,"NULL","15:10",1364,12,157,13.04,2.453125,3.25,8.68789808917198,2010,"tr109",8993.31071791333,0,0,2608.11059288704,"tr109",9321767.87623178,1979669.84503461,1466128.46059652,2764732.75231564,3111236.81828502,0.289059021963832,0,0,0.131744724981728,0.0964764499322501,0,0,0.027978712058869
"109",109,"TR109",2011,0.098630137,14.75,0.690175875,31.16883117,23,30,0.337,0.128,24,64.001,0.136,0.062,0.136,0.097,NA,10,NA,0,0.03,NA,0.364,"LSLS109",14,16,12,18,6,17,9,5,6,5,7,9,3,4,"BIB",8.96,"86",7.59,124,24,13.5,"NULL","15:40",1121.6,9,121,9.14000000000001,1.95161290322581,3.87301587301587,9.2694214876033,2011,"tr109",2169.01016185934,0,8196.67296608677,1235.7381828744,"tr109",9321767.8762293,1982913.86110948,4447979.86794781,1551356.63967703,1339517.50749497,0.161924734072017,0.184278553622782,0,0.062319307313883,0.0232682275578902,0,0.0879304556272899,0.0132564788061882
"110",110,"TR109",2012,0.136612022,12.30434783,0.613961149,7.284768212,24,20,0.2875,0.2285,25,54.145,0.31,0.212,0.31,0.232,NA,10,NA,0,0.09,NA,0.483,"LSLS109",13,14,11,18,5,14,9,6,6,3,5,8,5,3,"BIB",9.66,"86",6.92,210,NA,13.8,"NULL","9:35",1204.2,8,144,10.35,2.08695652173913,3.21739130434783,8.3625,2012,"tr109",7140.06232290994,0,374.137786738575,4087.22120117628,"tr109",9321767.87622855,2599816.89429661,3773126.92558833,820160.771287835,2128663.28505577,0.335424694597618,0.0099158547835026,0,0.157211887119539,0.0765955816290794,0,0.00401359261146873,0.0438459877508762
"111",111,"TR109",2013,0.090410959,21.15789474,0.790834697,18.5483871,26,22,0.238,0.329,26,35.302,0.143,0.066,0.143,0.083,NA,9,NA,0,0.04,NA,0.393,"LSLS109",10,9,10,15,10,15,10,3,4,4,5,8,7,4,"BIB",13.67,"117",7.49,272,15,9,"NULL","11:15",1169.4,10,130,9.7,1.85714285714286,3.40579710144928,8.99538461538462,2013,"tr109",6328.70457275306,0,725.853873964399,4546.86286413218,"tr109",9321767.87623774,3659507.03089268,2624773.02420705,948073.629259651,2089414.19187836,0.302893729608663,0.0276539673057514,0,0.124247960879666,0.0678916773811291,0,0.00778665467324802,0.048776829937191
"112",112,"TR109",2014,0.156164384,13.15384615,0.820582428,6.470588235,17,14,0.1915,0.3455,27,45.946,0.111,0.06,0.111,0.184,NA,13,NA,0,0.04,NA,0.528,"LSLS109",10,7,7,19,6,18,8,4,4,6,4,9,7,3,"BIB",13.71,"104",7.71,465,1,4.4,"NULL","1242",1392.1,16,135,11.9,2.01492537313433,3.43283582089552,10.3118518518519,2014,"tr109",144618.579631808,16150.7769365018,318358.0972323,533533.503446899,"tr109",9321767.87624423,3819888.72092953,2767018.81302696,590037.392998835,2144822.94928891,6.74268147306772,11.5054547418864,2.73724633864581,13.9672525150698,1.55140721751243,0.173258733224421,3.41521159353914,5.72352273227663
"113",113,"TR109",2015,0.17260274,8.864864865,0.701712838,37.77777778,20,20,0.145,0.362,28,45.324,0.185,0.12,0.185,0.151,NA,11,NA,0,0.05,NA,0.407,"LSLS109",10,15,13,15,13,17,14,5,5,5,5,9,5,3,"BIB",14.36,"101",7.27,196,0,1.6,"NULL","805",1132.7,5,128,11.26,1.75342465753425,3.24657534246575,8.84921875,2015,"tr109",260770.94554116,50170.0480014689,576175.38874295,2207395.53492612,"tr109",9321767.87623669,5148931.34071646,1584451.99651306,874272.09950836,1714112.43949881,15.2131761914876,36.3643322745626,5.73849354562288,42.8709452283931,2.79744088249531,0.538203146308371,6.18096691950196,23.6800096744875
"114",114,"TR109",2016,0.12568306,13.73076923,0.557122784,27.77777778,42,20,0.089,0.408,29,35.087,0.424,0.244,0.424,0.244,NA,13,NA,0,0.14,NA,0.667,"LSLS109",11,10,12,18,9,15,9,3,4,3,4,9,4,3,"BIB",13.83,"107",8.38,338,12,5.2,NA,"10:50",1142.5,10,139,9.3,2.07462686567164,3.38805970149254,8.21942446043166,2016,"tr109",571664.239155023,46703.3205184891,935712.945183384,3284580.89330371,"tr109",9321767.87623454,4415352.82541084,1892158.26863005,716896.503808515,2297360.27838513,24.8835258680828,49.4521499969901,6.51465312920032,74.3899983349142,6.13257320655299,0.501013553851274,10.0379344090829,35.2356005525262
"115",115,"TR109",2017,0.109589041,16.84210526,0.672781393,26.08695652,37,18,0.033,0.454,30,26.756,0.35,0.209,0.35,0.234,NA,9,NA,0,0.07,NA,0.5,"LSLS109",12,12,9,18,10,13,9,3,4,3,6,9,5,3,"BIB",12.29,"106",7.67,332,8,9.4,NA,"12:05",1037.2,11,121,6.96,1.80597014925373,3.64179104477612,8.57190082644628,2017,"tr109",520340.19881396,68956.7764307303,630144.015493033,3619220.40742227,"tr109",9321767.87623852,5087759.83450413,1304019.34294331,1136990.54879848,1792998.14999259,29.0206768376259,48.3232107639394,6.06485045136045,71.1358343386704,5.58199051641614,0.739739257040537,6.75991961888785,38.8254723296401
"116",116,"TR109",2018,0.120547945,13.62962963,0.610273716,13.88888889,36,18,0.037225,0.420325,31,53.878,0.333,0.162,0.333,0.162,NA,14,NA,0,0.1,NA,0.533,"LSLS109",9,11,9,18,7,15,11,3,4,3,4,8,6,3,"BIB",NA,"NULL",NA,NA,12,-999,"No YSI","1100",998,8,124,9,1.87878787878788,3.65151515151515,8.04838709677419,2018,"tr109",271750.93445274,100451.017248035,211260.746267121,6152208.95162118,"tr109",9321767.87622815,6697906.33903143,482655.159693315,1251301.09677251,889905.280730895,30.5370628017339,43.7705351376247,8.02772550165017,91.8527169567862,2.9152295794207,1.07759620902168,2.2663163154477,65.9983066871918
"117",117,"TR109",2019,0.238356164,7.95,0.596775933,33.33333333,30,16,0.04145,0.38665,32,33.775,0.286,0.192,0.286,0.198,NA,11,NA,0,0.18,NA,0.444,"LSLS109",13,12,11,18,9,18,14,5,5,5,5,9,6,3,"BIB",13.54,"114",7.38,491,4,7.4,NA,"13:50",1791.1,17,148,16.92,2.27692307692308,3.33846153846154,12.102027027027,2019,"tr109",715067.609841422,102782.230489276,140767.132763402,6397844.9746147,"tr109",9321767.87623893,5998039.70824111,174759.415384677,1389300.92421897,1759667.82839417,40.6365109541143,80.5490980005559,7.39812582699156,106.665598859312,7.67094417427107,1.10260448290358,1.51009051751026,68.6333864944516
"118",118,"TR109",2020,0.153005464,10.51515152,0.740632532,25.65789474,20,12,0.045675,0.352975,33,33.152,0.31,0.207,0.31,0.216,NA,15,NA,0,0.13,NA,0.588,"LSLS109",8,10,14,19,8,16,10,4,4,4,5,9,8,3,"BIB",10.1,"86",7.66,416,10,8.2,NA,"9:05",1260.1,10,125,12.65,1.89393939393939,3.65151515151515,10.0808,NA,NA,NA,NA,NA,NA,NA,NA,NA,NA,NA,NA,NA,NA,NA,NA,NA,NA,NA,NA
"119",119,"TR109",2021,0.139726027,11.62068966,0.492626094,60.78431373,25,28,0.0499,0.3193,34,46.149,0.289,0.224,0.289,0.248,NA,13,NA,0,0.11,NA,0.421,"LSLS109",10,11,11,19,10,18,10,5,5,5,6,9,8,3,"BIB",11.94,"112",7.69,327,18,12.1,NA,"13:50",1145.7,13,124,10.8,1.90769230769231,3.70769230769231,9.23951612903226,NA,NA,NA,NA,NA,NA,NA,NA,NA,NA,NA,NA,NA,NA,NA,NA,NA,NA,NA,NA
